Sample	Population	Superpopulation	Relationship
HG00096	GBR	EUR	nan
HG00097	GBR	EUR	nan
HG00098	GBR	EUR	nan
HG00099	GBR	EUR	nan
HG00100	GBR	EUR	nan
HG00101	GBR	EUR	nan
HG00102	GBR	EUR	nan
HG00103	GBR	EUR	nan
HG00104	GBR	EUR	nan
HG00105	GBR	EUR	nan
HG00106	GBR	EUR	nan
HG00107	GBR	EUR	nan
HG00108	GBR	EUR	nan
HG00109	GBR	EUR	nan
HG00110	GBR	EUR	nan
HG00111	GBR	EUR	nan
HG00112	GBR	EUR	nan
HG00113	GBR	EUR	nan
HG00114	GBR	EUR	nan
HG00115	GBR	EUR	nan
HG00116	GBR	EUR	nan
HG00117	GBR	EUR	nan
HG00118	GBR	EUR	nan
HG00119	GBR	EUR	nan
HG00120	GBR	EUR	nan
HG00121	GBR	EUR	nan
HG00122	GBR	EUR	nan
HG00123	GBR	EUR	nan
HG00124	GBR	EUR	nan
HG00125	GBR	EUR	nan
HG00126	GBR	EUR	nan
HG00127	GBR	EUR	nan
HG00128	GBR	EUR	nan
HG00129	GBR	EUR	nan
HG00130	GBR	EUR	nan
HG00131	GBR	EUR	nan
HG00132	GBR	EUR	nan
HG00133	GBR	EUR	nan
HG00134	GBR	EUR	nan
HG00135	GBR	EUR	nan
HG00136	GBR	EUR	nan
HG00137	GBR	EUR	nan
HG00138	GBR	EUR	nan
HG00139	GBR	EUR	nan
HG00140	GBR	EUR	nan
HG00141	GBR	EUR	nan
HG00142	GBR	EUR	nan
HG00143	GBR	EUR	nan
HG00144	GBR	EUR	mother
HG00145	GBR	EUR	nan
HG00146	GBR	EUR	child
HG00147	GBR	EUR	child
HG00148	GBR	EUR	nan
HG00149	GBR	EUR	nan
HG00150	GBR	EUR	nan
HG00151	GBR	EUR	nan
HG00152	GBR	EUR	nan
HG00153	GBR	EUR	child
HG00154	GBR	EUR	nan
HG00155	GBR	EUR	Child
HG00156	GBR	EUR	nan
HG00157	GBR	EUR	nan
HG00158	GBR	EUR	mother
HG00159	GBR	EUR	nan
HG00160	GBR	EUR	nan
HG00171	FIN	EUR	nan
HG00173	FIN	EUR	nan
HG00174	FIN	EUR	nan
HG00176	FIN	EUR	nan
HG00177	FIN	EUR	nan
HG00178	FIN	EUR	nan
HG00179	FIN	EUR	nan
HG00180	FIN	EUR	nan
HG00181	FIN	EUR	nan
HG00182	FIN	EUR	nan
HG00183	FIN	EUR	nan
HG00185	FIN	EUR	nan
HG00186	FIN	EUR	nan
HG00187	FIN	EUR	nan
HG00188	FIN	EUR	nan
HG00189	FIN	EUR	nan
HG00190	FIN	EUR	nan
HG00231	GBR	EUR	nan
HG00232	GBR	EUR	nan
HG00233	GBR	EUR	nan
HG00234	GBR	EUR	nan
HG00235	GBR	EUR	nan
HG00236	GBR	EUR	nan
HG00237	GBR	EUR	nan
HG00238	GBR	EUR	nan
HG00239	GBR	EUR	nan
HG00240	GBR	EUR	nan
HG00242	GBR	EUR	nan
HG00243	GBR	EUR	nan
HG00244	GBR	EUR	nan
HG00245	GBR	EUR	nan
HG00246	GBR	EUR	nan
HG00247	GBR	EUR	mother
HG00248	GBR	EUR	child
HG00249	GBR	EUR	nan
HG00250	GBR	EUR	nan
HG00251	GBR	EUR	nan
HG00252	GBR	EUR	nan
HG00253	GBR	EUR	nan
HG00254	GBR	EUR	nan
HG00255	GBR	EUR	nan
HG00256	GBR	EUR	nan
HG00257	GBR	EUR	nan
HG00258	GBR	EUR	nan
HG00259	GBR	EUR	nan
HG00260	GBR	EUR	nan
HG00261	GBR	EUR	nan
HG00262	GBR	EUR	nan
HG00263	GBR	EUR	nan
HG00264	GBR	EUR	nan
HG00265	GBR	EUR	nan
HG00266	FIN	EUR	nan
HG00267	FIN	EUR	nan
HG00268	FIN	EUR	nan
HG00269	FIN	EUR	nan
HG00270	FIN	EUR	nan
HG00271	FIN	EUR	nan
HG00272	FIN	EUR	nan
HG00273	FIN	EUR	nan
HG00274	FIN	EUR	nan
HG00275	FIN	EUR	nan
HG00276	FIN	EUR	nan
HG00277	FIN	EUR	nan
HG00278	FIN	EUR	nan
HG00280	FIN	EUR	nan
HG00281	FIN	EUR	nan
HG00282	FIN	EUR	nan
HG00284	FIN	EUR	nan
HG00285	FIN	EUR	nan
HG00288	FIN	EUR	unrel
HG00290	FIN	EUR	unrel
HG00302	FIN	EUR	unrel
HG00303	FIN	EUR	unrel
HG00304	FIN	EUR	unrel
HG00306	FIN	EUR	nan
HG00308	FIN	EUR	nan
HG00309	FIN	EUR	nan
HG00310	FIN	EUR	nan
HG00311	FIN	EUR	nan
HG00312	FIN	EUR	nan
HG00313	FIN	EUR	nan
HG00315	FIN	EUR	nan
HG00318	FIN	EUR	nan
HG00319	FIN	EUR	nan
HG00320	FIN	EUR	nan
HG00321	FIN	EUR	nan
HG00323	FIN	EUR	nan
HG00324	FIN	EUR	nan
HG00325	FIN	EUR	nan
HG00326	FIN	EUR	nan
HG00327	FIN	EUR	nan
HG00328	FIN	EUR	nan
HG00329	FIN	EUR	nan
HG00330	FIN	EUR	nan
HG00331	FIN	EUR	nan
HG00332	FIN	EUR	nan
HG00334	FIN	EUR	nan
HG00335	FIN	EUR	nan
HG00336	FIN	EUR	nan
HG00337	FIN	EUR	nan
HG00338	FIN	EUR	nan
HG00339	FIN	EUR	nan
HG00341	FIN	EUR	nan
HG00342	FIN	EUR	nan
HG00343	FIN	EUR	nan
HG00344	FIN	EUR	nan
HG00345	FIN	EUR	nan
HG00346	FIN	EUR	nan
HG00349	FIN	EUR	nan
HG00350	FIN	EUR	nan
HG00351	FIN	EUR	nan
HG00353	FIN	EUR	nan
HG00355	FIN	EUR	nan
HG00356	FIN	EUR	nan
HG00357	FIN	EUR	nan
HG00358	FIN	EUR	nan
HG00359	FIN	EUR	nan
HG00360	FIN	EUR	nan
HG00361	FIN	EUR	nan
HG00362	FIN	EUR	nan
HG00364	FIN	EUR	nan
HG00365	FIN	EUR	nan
HG00366	FIN	EUR	nan
HG00367	FIN	EUR	nan
HG00368	FIN	EUR	nan
HG00369	FIN	EUR	nan
HG00371	FIN	EUR	nan
HG00372	FIN	EUR	nan
HG00373	FIN	EUR	nan
HG00375	FIN	EUR	nan
HG00376	FIN	EUR	nan
HG00377	FIN	EUR	nan
HG00378	FIN	EUR	nan
HG00379	FIN	EUR	nan
HG00380	FIN	EUR	nan
HG00381	FIN	EUR	nan
HG00382	FIN	EUR	nan
HG00383	FIN	EUR	nan
HG00384	FIN	EUR	nan
HG00403	CHS	EAS	father
HG00404	CHS	EAS	mother
HG00405	CHS	EAS	child
HG00406	CHS	EAS	father
HG00407	CHS	EAS	mother
HG00408	CHS	EAS	child
HG00409	CHS	EAS	father
HG00410	CHS	EAS	mother
HG00411	CHS	EAS	child
HG00418	CHS	EAS	father
HG00419	CHS	EAS	mother
HG00420	CHS	EAS	child
HG00421	CHS	EAS	father
HG00422	CHS	EAS	mother
HG00423	CHS	EAS	child
HG00427	CHS	EAS	father
HG00428	CHS	EAS	mother
HG00429	CHS	EAS	child
HG00436	CHS	EAS	father
HG00437	CHS	EAS	mother
HG00438	CHS	EAS	child
HG00442	CHS	EAS	father
HG00443	CHS	EAS	mother
HG00444	CHS	EAS	child
HG00445	CHS	EAS	father
HG00446	CHS	EAS	mother
HG00447	CHS	EAS	child
HG00448	CHS	EAS	father
HG00449	CHS	EAS	mother
HG00450	CHS	EAS	child
HG00451	CHS	EAS	father
HG00452	CHS	EAS	mother
HG00453	CHS	EAS	child
HG00457	CHS	EAS	father
HG00458	CHS	EAS	mother
HG00459	CHS	EAS	child
HG00463	CHS	EAS	father
HG00464	CHS	EAS	mother
HG00465	CHS	EAS	child
HG00472	CHS	EAS	father
HG00473	CHS	EAS	mother
HG00474	CHS	EAS	child
HG00475	CHS	EAS	father
HG00476	CHS	EAS	mother
HG00477	CHS	EAS	child
HG00478	CHS	EAS	father
HG00479	CHS	EAS	mother
HG00480	CHS	EAS	child
HG00500	CHS	EAS	father
HG00501	CHS	EAS	mother
HG00502	CHS	EAS	child
HG00512	CHS	EAS	father
HG00513	CHS	EAS	mother
HG00514	CHS	EAS	child
HG00524	CHS	EAS	father
HG00525	CHS	EAS	mother
HG00526	CHS	EAS	child
HG00530	CHS	EAS	father
HG00531	CHS	EAS	mother
HG00532	CHS	EAS	child
HG00533	CHS	EAS	father
HG00534	CHS	EAS	mother
HG00535	CHS	EAS	child
HG00536	CHS	EAS	father
HG00537	CHS	EAS	mother
HG00538	CHS	EAS	child
HG00542	CHS	EAS	father
HG00543	CHS	EAS	mother
HG00544	CHS	EAS	child
HG00551	PUR	AMR	mother
HG00552	PUR	AMR	child
HG00553	PUR	AMR	father
HG00554	PUR	AMR	mother
HG00555	PUR	AMR	child
HG00556	CHS	EAS	father
HG00557	CHS	EAS	mother
HG00558	CHS	EAS	child
HG00559	CHS	EAS	father
HG00560	CHS	EAS	mother
HG00561	CHS	EAS	child
HG00565	CHS	EAS	father
HG00566	CHS	EAS	mother
HG00567	CHS	EAS	child
HG00577	CHS	EAS	father
HG00578	CHS	EAS	mother
HG00579	CHS	EAS	child
HG00580	CHS	EAS	father
HG00581	CHS	EAS	mother
HG00582	CHS	EAS	child
HG00583	CHS	EAS	father
HG00584	CHS	EAS	mother
HG00585	CHS	EAS	child
HG00589	CHS	EAS	father
HG00590	CHS	EAS	mother
HG00591	CHS	EAS	child
HG00592	CHS	EAS	father
HG00593	CHS	EAS	mother
HG00594	CHS	EAS	child
HG00595	CHS	EAS	father
HG00596	CHS	EAS	mother
HG00597	CHS	EAS	child
HG00598	CHS	EAS	father
HG00599	CHS	EAS	mother
HG00600	CHS	EAS	child
HG00607	CHS	EAS	father
HG00608	CHS	EAS	mother
HG00609	CHS	EAS	child
HG00610	CHS	EAS	father
HG00611	CHS	EAS	mother
HG00612	CHS	EAS	child
HG00613	CHS	EAS	father
HG00614	CHS	EAS	mother
HG00615	CHS	EAS	child
HG00619	CHS	EAS	father
HG00620	CHS	EAS	mother
HG00621	CHS	EAS	child
HG00622	CHS	EAS	father
HG00623	CHS	EAS	mother
HG00624	CHS	EAS	child
HG00625	CHS	EAS	father
HG00626	CHS	EAS	mother
HG00627	CHS	EAS	child
HG00628	CHS	EAS	father
HG00629	CHS	EAS	mother
HG00630	CHS	EAS	child
HG00631	CHS	EAS	father
HG00632	CHS	EAS	mother
HG00633	CHS	EAS	child
HG00634	CHS	EAS	father
HG00635	CHS	EAS	mother
HG00636	CHS	EAS	child
HG00637	PUR	AMR	father
HG00638	PUR	AMR	mother
HG00639	PUR	AMR	child
HG00640	PUR	AMR	father
HG00641	PUR	AMR	mother
HG00642	PUR	AMR	child
HG00650	CHS	EAS	father
HG00651	CHS	EAS	mother
HG00652	CHS	EAS	child
HG00653	CHS	EAS	father
HG00654	CHS	EAS	mother
HG00655	CHS	EAS	child
HG00656	CHS	EAS	father
HG00657	CHS	EAS	mother
HG00658	CHS	EAS	child
HG00662	CHS	EAS	father
HG00663	CHS	EAS	mother
HG00664	CHS	EAS	child
HG00671	CHS	EAS	father
HG00672	CHS	EAS	mother
HG00673	CHS	EAS	child
HG00674	CHS	EAS	father
HG00675	CHS	EAS	mother
HG00676	CHS	EAS	child
HG00683	CHS	EAS	father
HG00684	CHS	EAS	mother
HG00685	CHS	EAS	child
HG00689	CHS	EAS	father
HG00690	CHS	EAS	mother
HG00691	CHS	EAS	child
HG00692	CHS	EAS	father
HG00693	CHS	EAS	mother
HG00694	CHS	EAS	child
HG00698	CHS	EAS	father
HG00699	CHS	EAS	mother
HG00700	CHS	EAS	child
HG00701	CHS	EAS	father
HG00702	CHS	EAS	mother
HG00703	CHS	EAS	child
HG00704	CHS	EAS	father
HG00705	CHS	EAS	mother
HG00706	CHS	EAS	child
HG00707	CHS	EAS	father
HG00708	CHS	EAS	mother
HG00709	CHS	EAS	child
HG00716	CHS	EAS	father
HG00717	CHS	EAS	mother
HG00718	CHS	EAS	child
HG00728	CHS	EAS	father
HG00729	CHS	EAS	mother
HG00730	CHS	EAS	child
HG00731	PUR	AMR	father
HG00732	PUR	AMR	mother
HG00733	PUR	AMR	child
HG00734	PUR	AMR	mother
HG00735	PUR	AMR	child
HG00736	PUR	AMR	father
HG00737	PUR	AMR	mother
HG00738	PUR	AMR	child
HG00739	PUR	AMR	father
HG00740	PUR	AMR	mother
HG00741	PUR	AMR	child
HG00742	PUR	AMR	father
HG00743	PUR	AMR	mother
HG00759	CDX	EAS	nan
HG00766	CDX	EAS	nan
HG00844	CDX	EAS	nan
HG00851	CDX	EAS	nan
HG00864	CDX	EAS	nan
HG00866	CDX	EAS	nan
HG00867	CDX	EAS	nan
HG00879	CDX	EAS	nan
HG00881	CDX	EAS	nan
HG00956	CDX	EAS	nan
HG00978	CDX	EAS	nan
HG00982	CDX	EAS	nan
HG00983	CDX	EAS	nan
HG01028	CDX	EAS	nan
HG01029	CDX	EAS	nan
HG01031	CDX	EAS	nan
HG01046	CDX	EAS	nan
HG01047	PUR	AMR	father
HG01048	PUR	AMR	father
HG01049	PUR	AMR	mother
HG01050	PUR	AMR	child
HG01051	PUR	AMR	father
HG01052	PUR	AMR	mother
HG01053	PUR	AMR	child
HG01054	PUR	AMR	father
HG01055	PUR	AMR	mother
HG01056	PUR	AMR	child
HG01058	PUR	AMR	mother
HG01060	PUR	AMR	father
HG01061	PUR	AMR	mother
HG01062	PUR	AMR	child
HG01063	PUR	AMR	father
HG01064	PUR	AMR	mother
HG01066	PUR	AMR	father
HG01067	PUR	AMR	mother
HG01068	PUR	AMR	child
HG01069	PUR	AMR	father
HG01070	PUR	AMR	mother
HG01071	PUR	AMR	child
HG01072	PUR	AMR	father
HG01073	PUR	AMR	mother
HG01074	PUR	AMR	child
HG01075	PUR	AMR	father
HG01077	PUR	AMR	mother
HG01079	PUR	AMR	father
HG01080	PUR	AMR	mother
HG01081	PUR	AMR	child
HG01082	PUR	AMR	father
HG01083	PUR	AMR	mother
HG01084	PUR	AMR	child
HG01085	PUR	AMR	father
HG01086	PUR	AMR	mother
HG01087	PUR	AMR	child
HG01088	PUR	AMR	father
HG01089	PUR	AMR	mother
HG01090	PUR	AMR	child
HG01092	PUR	AMR	mother
HG01094	PUR	AMR	father
HG01095	PUR	AMR	mother
HG01096	PUR	AMR	child
HG01097	PUR	AMR	father
HG01098	PUR	AMR	mother
HG01099	PUR	AMR	child
HG01100	PUR	AMR	child
HG01101	PUR	AMR	father
HG01102	PUR	AMR	mother
HG01103	PUR	AMR	child
HG01104	PUR	AMR	father
HG01105	PUR	AMR	mother
HG01106	PUR	AMR	child
HG01107	PUR	AMR	father
HG01108	PUR	AMR	mother
HG01109	PUR	AMR	child
HG01110	PUR	AMR	father
HG01111	PUR	AMR	mother
HG01112	CLM	AMR	father
HG01113	CLM	AMR	mother
HG01114	CLM	AMR	child
HG01119	CLM	AMR	mother
HG01121	CLM	AMR	father
HG01122	CLM	AMR	mother
HG01123	CLM	AMR	child
HG01124	CLM	AMR	father
HG01125	CLM	AMR	mother
HG01126	CLM	AMR	child
HG01130	CLM	AMR	father
HG01131	CLM	AMR	mother
HG01133	CLM	AMR	father
HG01134	CLM	AMR	mother
HG01135	CLM	AMR	child
HG01136	CLM	AMR	father
HG01137	CLM	AMR	mother
HG01138	CLM	AMR	child
HG01139	CLM	AMR	father
HG01140	CLM	AMR	mother
HG01141	CLM	AMR	child
HG01142	CLM	AMR	father
HG01148	CLM	AMR	father
HG01149	CLM	AMR	mother
HG01150	CLM	AMR	child
HG01161	PUR	AMR	father
HG01162	PUR	AMR	mother
HG01164	PUR	AMR	father
HG01167	PUR	AMR	father
HG01168	PUR	AMR	mother
HG01169	PUR	AMR	child
HG01170	PUR	AMR	father
HG01171	PUR	AMR	mother
HG01172	PUR	AMR	child
HG01173	PUR	AMR	father
HG01174	PUR	AMR	mother
HG01175	PUR	AMR	child
HG01176	PUR	AMR	father
HG01177	PUR	AMR	mother
HG01178	PUR	AMR	child
HG01182	PUR	AMR	father
HG01183	PUR	AMR	mother
HG01184	PUR	AMR	child
HG01187	PUR	AMR	father
HG01188	PUR	AMR	mother
HG01189	PUR	AMR	child
HG01190	PUR	AMR	father
HG01191	PUR	AMR	mother
HG01192	PUR	AMR	child
HG01195	PUR	AMR	mother
HG01197	PUR	AMR	father
HG01198	PUR	AMR	mother
HG01199	PUR	AMR	child
HG01200	PUR	AMR	father
HG01204	PUR	AMR	father
HG01205	PUR	AMR	mother
HG01206	PUR	AMR	child
HG01241	PUR	AMR	father
HG01242	PUR	AMR	mother
HG01243	PUR	AMR	child
HG01247	PUR	AMR	father
HG01248	PUR	AMR	mother
HG01249	PUR	AMR	child
HG01250	CLM	AMR	father
HG01251	CLM	AMR	mother
HG01252	CLM	AMR	child
HG01253	CLM	AMR	father
HG01254	CLM	AMR	mother
HG01255	CLM	AMR	child
HG01256	CLM	AMR	father
HG01257	CLM	AMR	mother
HG01258	CLM	AMR	child
HG01259	CLM	AMR	father
HG01260	CLM	AMR	mother
HG01261	CLM	AMR	child
HG01269	CLM	AMR	mother
HG01271	CLM	AMR	father
HG01272	CLM	AMR	mother
HG01273	CLM	AMR	child
HG01274	CLM	AMR	father
HG01275	CLM	AMR	mother
HG01276	CLM	AMR	child
HG01277	CLM	AMR	father
HG01278	CLM	AMR	mother
HG01279	CLM	AMR	child
HG01280	CLM	AMR	father
HG01281	CLM	AMR	mother
HG01284	CLM	AMR	mother
HG01286	PUR	AMR	father
HG01301	PUR	AMR	child
HG01302	PUR	AMR	father
HG01303	PUR	AMR	mother
HG01305	PUR	AMR	father
HG01308	PUR	AMR	father
HG01311	PUR	AMR	father
HG01312	PUR	AMR	mother
HG01322	PUR	AMR	father
HG01323	PUR	AMR	mother
HG01324	PUR	AMR	child
HG01325	PUR	AMR	father
HG01326	PUR	AMR	mother
HG01327	PUR	AMR	child
HG01334	GBR	EUR	nan
HG01341	CLM	AMR	father
HG01342	CLM	AMR	mother
HG01343	CLM	AMR	child
HG01344	CLM	AMR	father
HG01345	CLM	AMR	mother
HG01346	CLM	AMR	child
HG01347	CLM	AMR	father
HG01348	CLM	AMR	mother
HG01349	CLM	AMR	child
HG01350	CLM	AMR	father
HG01351	CLM	AMR	mother
HG01352	CLM	AMR	child
HG01353	CLM	AMR	father
HG01354	CLM	AMR	mother
HG01355	CLM	AMR	child
HG01356	CLM	AMR	father
HG01357	CLM	AMR	mother
HG01358	CLM	AMR	child
HG01359	CLM	AMR	father
HG01360	CLM	AMR	mother
HG01361	CLM	AMR	child
HG01362	CLM	AMR	father
HG01363	CLM	AMR	mother
HG01364	CLM	AMR	child
HG01365	CLM	AMR	father
HG01366	CLM	AMR	mother
HG01367	CLM	AMR	child
HG01369	CLM	AMR	mother
HG01372	CLM	AMR	mother
HG01374	CLM	AMR	father
HG01375	CLM	AMR	mother
HG01376	CLM	AMR	child
HG01377	CLM	AMR	father
HG01378	CLM	AMR	mother
HG01379	CLM	AMR	child
HG01383	CLM	AMR	father
HG01384	CLM	AMR	mother
HG01385	CLM	AMR	child
HG01389	CLM	AMR	father
HG01390	CLM	AMR	mother
HG01391	CLM	AMR	child
HG01392	PUR	AMR	father
HG01393	PUR	AMR	mother
HG01394	PUR	AMR	child
HG01395	PUR	AMR	father
HG01396	PUR	AMR	mother
HG01397	PUR	AMR	child
HG01398	PUR	AMR	father
HG01402	PUR	AMR	father
HG01403	PUR	AMR	mother
HG01404	PUR	AMR	child
HG01405	PUR	AMR	father
HG01411	PUR	AMR	child
HG01412	PUR	AMR	father
HG01413	PUR	AMR	father
HG01414	PUR	AMR	mother
HG01415	PUR	AMR	child
HG01431	CLM	AMR	father
HG01432	CLM	AMR	mother
HG01433	CLM	AMR	child
HG01435	CLM	AMR	mother
HG01437	CLM	AMR	father
HG01438	CLM	AMR	mother
HG01439	CLM	AMR	child
HG01440	CLM	AMR	father
HG01441	CLM	AMR	mother
HG01442	CLM	AMR	child
HG01443	CLM	AMR	father
HG01444	CLM	AMR	mother
HG01445	CLM	AMR	child
HG01447	CLM	AMR	mother
HG01452	CLM	AMR	father
HG01453	CLM	AMR	mother
HG01454	CLM	AMR	child
HG01455	CLM	AMR	father
HG01456	CLM	AMR	mother
HG01457	CLM	AMR	child
HG01459	CLM	AMR	mother
HG01461	CLM	AMR	father
HG01462	CLM	AMR	mother
HG01463	CLM	AMR	child
HG01464	CLM	AMR	father
HG01465	CLM	AMR	mother
HG01466	CLM	AMR	child
HG01468	CLM	AMR	mother
HG01471	CLM	AMR	nan
HG01473	CLM	AMR	father
HG01474	CLM	AMR	mother
HG01477	CLM	AMR	mother
HG01479	CLM	AMR	father
HG01480	CLM	AMR	mother
HG01481	CLM	AMR	child
HG01482	CLM	AMR	father
HG01483	CLM	AMR	mother
HG01484	CLM	AMR	child
HG01485	CLM	AMR	father
HG01486	CLM	AMR	mother
HG01487	CLM	AMR	child
HG01488	CLM	AMR	father
HG01489	CLM	AMR	mother
HG01490	CLM	AMR	child
HG01491	CLM	AMR	father
HG01492	CLM	AMR	mother
HG01493	CLM	AMR	child
HG01494	CLM	AMR	father
HG01495	CLM	AMR	mother
HG01496	CLM	AMR	child
HG01497	CLM	AMR	father
HG01498	CLM	AMR	mother
HG01499	CLM	AMR	child
HG01500	IBS	EUR	father
HG01501	IBS	EUR	mother
HG01502	IBS	EUR	child
HG01503	IBS	EUR	father
HG01504	IBS	EUR	mother
HG01505	IBS	EUR	child
HG01506	IBS	EUR	father
HG01507	IBS	EUR	mother
HG01508	IBS	EUR	child
HG01509	IBS	EUR	father
HG01510	IBS	EUR	mother
HG01511	IBS	EUR	child
HG01512	IBS	EUR	father
HG01513	IBS	EUR	mother
HG01514	IBS	EUR	child
HG01515	IBS	EUR	father
HG01516	IBS	EUR	mother
HG01517	IBS	EUR	child
HG01518	IBS	EUR	father
HG01519	IBS	EUR	mother
HG01520	IBS	EUR	child
HG01521	IBS	EUR	father
HG01522	IBS	EUR	mother
HG01523	IBS	EUR	child
HG01524	IBS	EUR	father
HG01525	IBS	EUR	mother
HG01526	IBS	EUR	child
HG01527	IBS	EUR	father
HG01528	IBS	EUR	mother
HG01529	IBS	EUR	child
HG01530	IBS	EUR	father
HG01531	IBS	EUR	mother
HG01532	IBS	EUR	child
HG01536	IBS	EUR	father
HG01537	IBS	EUR	mother
HG01538	IBS	EUR	child
HG01550	CLM	AMR	father
HG01551	CLM	AMR	mother
HG01552	CLM	AMR	child
HG01556	CLM	AMR	father
HG01565	PEL	AMR	father
HG01566	PEL	AMR	mother
HG01567	PEL	AMR	child
HG01571	PEL	AMR	father
HG01572	PEL	AMR	mother
HG01573	PEL	AMR	child
HG01577	PEL	AMR	father
HG01578	PEL	AMR	mother
HG01579	PEL	AMR	child
HG01583	PJL	SAS	father
HG01586	PJL	SAS	father
HG01589	PJL	SAS	father
HG01590	PJL	SAS	mother
HG01593	PJL	SAS	mother
HG01594	PJL	SAS	child
HG01595	KHV	EAS	nan
HG01596	KHV	EAS	nan
HG01597	KHV	EAS	nan
HG01598	KHV	EAS	nan
HG01599	KHV	EAS	nan
HG01600	KHV	EAS	nan
HG01601	IBS	EUR	child
HG01602	IBS	EUR	mother
HG01603	IBS	EUR	father
HG01604	IBS	EUR	child
HG01605	IBS	EUR	mother
HG01606	IBS	EUR	father
HG01607	IBS	EUR	mother
HG01608	IBS	EUR	father
HG01609	IBS	EUR	child
HG01610	IBS	EUR	father
HG01611	IBS	EUR	child
HG01612	IBS	EUR	mother
HG01613	IBS	EUR	mother
HG01614	IBS	EUR	child
HG01615	IBS	EUR	father
HG01616	IBS	EUR	child
HG01617	IBS	EUR	father
HG01618	IBS	EUR	mother
HG01619	IBS	EUR	father
HG01620	IBS	EUR	mother
HG01621	IBS	EUR	child
HG01622	IBS	EUR	child
HG01623	IBS	EUR	mother
HG01624	IBS	EUR	father
HG01625	IBS	EUR	father
HG01626	IBS	EUR	mother
HG01627	IBS	EUR	child
HG01628	IBS	EUR	mother
HG01629	IBS	EUR	child
HG01630	IBS	EUR	father
HG01631	IBS	EUR	father
HG01632	IBS	EUR	mother
HG01633	IBS	EUR	child
HG01667	IBS	EUR	child
HG01668	IBS	EUR	mother
HG01669	IBS	EUR	father
HG01670	IBS	EUR	mother
HG01671	IBS	EUR	child
HG01672	IBS	EUR	father
HG01673	IBS	EUR	mother
HG01674	IBS	EUR	child
HG01675	IBS	EUR	father
HG01676	IBS	EUR	mother
HG01677	IBS	EUR	child
HG01678	IBS	EUR	father
HG01679	IBS	EUR	mother
HG01680	IBS	EUR	father
HG01681	IBS	EUR	child
HG01682	IBS	EUR	father
HG01683	IBS	EUR	child
HG01684	IBS	EUR	mother
HG01685	IBS	EUR	mother
HG01686	IBS	EUR	father
HG01687	IBS	EUR	child
HG01694	IBS	EUR	father
HG01695	IBS	EUR	mother
HG01696	IBS	EUR	child
HG01697	IBS	EUR	mother
HG01698	IBS	EUR	child
HG01699	IBS	EUR	father
HG01700	IBS	EUR	father
HG01701	IBS	EUR	child
HG01702	IBS	EUR	mother
HG01703	IBS	EUR	child
HG01704	IBS	EUR	mother
HG01705	IBS	EUR	father
HG01706	IBS	EUR	child
HG01707	IBS	EUR	mother
HG01708	IBS	EUR	father
HG01709	IBS	EUR	father
HG01710	IBS	EUR	mother
HG01711	IBS	EUR	child
HG01746	IBS	EUR	mother
HG01747	IBS	EUR	father
HG01748	IBS	EUR	child
HG01755	IBS	EUR	child
HG01756	IBS	EUR	father
HG01757	IBS	EUR	mother
HG01761	IBS	EUR	father
HG01762	IBS	EUR	mother
HG01763	IBS	EUR	child
HG01764	IBS	EUR	child
HG01765	IBS	EUR	father
HG01766	IBS	EUR	mother
HG01767	IBS	EUR	father
HG01768	IBS	EUR	mother
HG01769	IBS	EUR	child
HG01770	IBS	EUR	mother
HG01771	IBS	EUR	father
HG01772	IBS	EUR	child
HG01773	IBS	EUR	mother
HG01774	IBS	EUR	child
HG01775	IBS	EUR	father
HG01776	IBS	EUR	mother
HG01777	IBS	EUR	father
HG01778	IBS	EUR	child
HG01779	IBS	EUR	mother
HG01780	IBS	EUR	child
HG01781	IBS	EUR	father
HG01782	IBS	EUR	child
HG01783	IBS	EUR	father
HG01784	IBS	EUR	mother
HG01785	IBS	EUR	father
HG01786	IBS	EUR	mother
HG01787	IBS	EUR	child
HG01789	GBR	EUR	nan
HG01790	GBR	EUR	nan
HG01791	GBR	EUR	nan
HG01794	CDX	EAS	nan
HG01795	CDX	EAS	nan
HG01796	CDX	EAS	nan
HG01797	CDX	EAS	nan
HG01798	CDX	EAS	nan
HG01799	CDX	EAS	nan
HG01800	CDX	EAS	nan
HG01801	CDX	EAS	nan
HG01802	CDX	EAS	nan
HG01804	CDX	EAS	nan
HG01805	CDX	EAS	nan
HG01806	CDX	EAS	nan
HG01807	CDX	EAS	nan
HG01808	CDX	EAS	nan
HG01809	CDX	EAS	nan
HG01810	CDX	EAS	nan
HG01811	CDX	EAS	nan
HG01812	CDX	EAS	nan
HG01813	CDX	EAS	nan
HG01815	CDX	EAS	nan
HG01816	CDX	EAS	nan
HG01817	CDX	EAS	nan
HG01840	KHV	EAS	nan
HG01841	KHV	EAS	nan
HG01842	KHV	EAS	nan
HG01843	KHV	EAS	nan
HG01844	KHV	EAS	nan
HG01845	KHV	EAS	nan
HG01846	KHV	EAS	nan
HG01847	KHV	EAS	nan
HG01848	KHV	EAS	nan
HG01849	KHV	EAS	nan
HG01850	KHV	EAS	nan
HG01851	KHV	EAS	nan
HG01852	KHV	EAS	nan
HG01853	KHV	EAS	nan
HG01855	KHV	EAS	nan
HG01857	KHV	EAS	nan
HG01858	KHV	EAS	nan
HG01859	KHV	EAS	nan
HG01860	KHV	EAS	nan
HG01861	KHV	EAS	nan
HG01862	KHV	EAS	nan
HG01863	KHV	EAS	nan
HG01864	KHV	EAS	nan
HG01865	KHV	EAS	nan
HG01866	KHV	EAS	nan
HG01867	KHV	EAS	nan
HG01868	KHV	EAS	nan
HG01869	KHV	EAS	nan
HG01870	KHV	EAS	nan
HG01871	KHV	EAS	nan
HG01872	KHV	EAS	nan
HG01873	KHV	EAS	nan
HG01874	KHV	EAS	nan
HG01878	KHV	EAS	nan
HG01879	ACB	AFR	father
HG01880	ACB	AFR	mother
HG01881	ACB	AFR	child
HG01882	ACB	AFR	father
HG01883	ACB	AFR	mother
HG01884	ACB	AFR	child
HG01885	ACB	AFR	father
HG01886	ACB	AFR	mother
HG01887	ACB	AFR	child
HG01888	ACB	AFR	child
HG01889	ACB	AFR	mother
HG01890	ACB	AFR	father
HG01891	ACB	AFR	child
HG01892	PEL	AMR	father
HG01893	PEL	AMR	mother
HG01894	ACB	AFR	mother
HG01895	ACB	AFR	child
HG01896	ACB	AFR	mother
HG01897	ACB	AFR	child
HG01898	PEL	AMR	child
HG01912	ACB	AFR	father
HG01914	ACB	AFR	father
HG01915	ACB	AFR	mother
HG01916	ACB	AFR	child
HG01917	PEL	AMR	father
HG01918	PEL	AMR	mother
HG01919	PEL	AMR	child
HG01920	PEL	AMR	father
HG01921	PEL	AMR	mother
HG01922	PEL	AMR	child
HG01923	PEL	AMR	father
HG01924	PEL	AMR	mother
HG01925	PEL	AMR	child
HG01926	PEL	AMR	father
HG01927	PEL	AMR	mother
HG01928	PEL	AMR	child
HG01932	PEL	AMR	father
HG01933	PEL	AMR	mother
HG01934	PEL	AMR	child
HG01935	PEL	AMR	father
HG01936	PEL	AMR	mother
HG01937	PEL	AMR	child
HG01938	PEL	AMR	father
HG01939	PEL	AMR	mother
HG01940	PEL	AMR	child
HG01941	PEL	AMR	father
HG01942	PEL	AMR	mother
HG01943	PEL	AMR	child
HG01944	PEL	AMR	father
HG01945	PEL	AMR	mother
HG01946	PEL	AMR	child
HG01947	PEL	AMR	father
HG01948	PEL	AMR	mother
HG01949	PEL	AMR	child
HG01950	PEL	AMR	father
HG01951	PEL	AMR	mother
HG01952	PEL	AMR	child
HG01953	PEL	AMR	father
HG01954	PEL	AMR	mother
HG01955	PEL	AMR	child
HG01956	ACB	AFR	mother
HG01958	ACB	AFR	mother
HG01959	ACB	AFR	child
HG01960	ACB	AFR	child
HG01961	PEL	AMR	father
HG01965	PEL	AMR	mother
HG01967	PEL	AMR	father
HG01968	PEL	AMR	mother
HG01969	PEL	AMR	child
HG01970	PEL	AMR	father
HG01971	PEL	AMR	mother
HG01972	PEL	AMR	child
HG01973	PEL	AMR	mother
HG01974	PEL	AMR	father
HG01975	PEL	AMR	child
HG01976	PEL	AMR	mother
HG01977	PEL	AMR	father
HG01978	PEL	AMR	child
HG01979	PEL	AMR	father
HG01980	PEL	AMR	mother
HG01981	PEL	AMR	child
HG01982	PEL	AMR	father
HG01983	PEL	AMR	mother
HG01984	PEL	AMR	child
HG01985	ACB	AFR	nan
HG01986	ACB	AFR	father
HG01987	ACB	AFR	child
HG01988	ACB	AFR	father
HG01989	ACB	AFR	mother
HG01990	ACB	AFR	father
HG01991	PEL	AMR	father
HG01992	PEL	AMR	mother
HG01993	PEL	AMR	child
HG01995	PEL	AMR	mother
HG01997	PEL	AMR	mother
HG01998	PEL	AMR	child
HG02002	PEL	AMR	father
HG02003	PEL	AMR	mother
HG02004	PEL	AMR	child
HG02006	PEL	AMR	child
HG02008	PEL	AMR	father
HG02009	ACB	AFR	father
HG02010	ACB	AFR	mother
HG02011	ACB	AFR	child
HG02012	ACB	AFR	mother
HG02013	ACB	AFR	father
HG02014	ACB	AFR	father
HG02015	KHV	EAS	child
HG02016	KHV	EAS	mother
HG02017	KHV	EAS	father
HG02018	KHV	EAS	child
HG02019	KHV	EAS	mother
HG02020	KHV	EAS	father
HG02021	KHV	EAS	child
HG02023	KHV	EAS	father
HG02024	KHV	EAS	child
HG02025	KHV	EAS	mother
HG02026	KHV	EAS	father
HG02027	KHV	EAS	child
HG02028	KHV	EAS	mother
HG02029	KHV	EAS	father
HG02030	KHV	EAS	child
HG02031	KHV	EAS	mother
HG02032	KHV	EAS	father
HG02035	KHV	EAS	nan
HG02040	KHV	EAS	nan
HG02046	KHV	EAS	nan
HG02047	KHV	EAS	nan
HG02048	KHV	EAS	nan
HG02049	KHV	EAS	nan
HG02050	KHV	EAS	nan
HG02051	ACB	AFR	nan
HG02052	ACB	AFR	nan
HG02053	ACB	AFR	father
HG02054	ACB	AFR	mother
HG02055	ACB	AFR	child
HG02056	KHV	EAS	child
HG02057	KHV	EAS	mother
HG02058	KHV	EAS	father
HG02059	KHV	EAS	child
HG02060	KHV	EAS	mother
HG02061	KHV	EAS	father
HG02064	KHV	EAS	nan
HG02067	KHV	EAS	nan
HG02068	KHV	EAS	child
HG02069	KHV	EAS	mother
HG02070	KHV	EAS	father
HG02071	KHV	EAS	child
HG02072	KHV	EAS	mother
HG02073	KHV	EAS	father
HG02074	KHV	EAS	child
HG02075	KHV	EAS	mother
HG02076	KHV	EAS	father
HG02077	KHV	EAS	child
HG02078	KHV	EAS	mother
HG02079	KHV	EAS	father
HG02080	KHV	EAS	child
HG02081	KHV	EAS	mother
HG02082	KHV	EAS	father
HG02083	KHV	EAS	child
HG02084	KHV	EAS	mother
HG02085	KHV	EAS	father
HG02086	KHV	EAS	nan
HG02087	KHV	EAS	nan
HG02088	KHV	EAS	nan
HG02089	PEL	AMR	mother
HG02090	PEL	AMR	father
HG02091	PEL	AMR	child
HG02095	ACB	AFR	nan
HG02102	PEL	AMR	child
HG02104	PEL	AMR	father
HG02105	PEL	AMR	mother
HG02106	PEL	AMR	child
HG02107	ACB	AFR	nan
HG02108	ACB	AFR	nan
HG02111	ACB	AFR	nan
HG02113	KHV	EAS	nan
HG02116	KHV	EAS	nan
HG02120	KHV	EAS	child
HG02121	KHV	EAS	mother
HG02122	KHV	EAS	father
HG02126	KHV	EAS	child
HG02127	KHV	EAS	mother
HG02128	KHV	EAS	father
HG02129	KHV	EAS	child
HG02130	KHV	EAS	mother
HG02131	KHV	EAS	father
HG02132	KHV	EAS	child
HG02133	KHV	EAS	mother
HG02134	KHV	EAS	father
HG02135	KHV	EAS	child
HG02136	KHV	EAS	mother
HG02137	KHV	EAS	father
HG02138	KHV	EAS	nan
HG02139	KHV	EAS	nan
HG02140	KHV	EAS	nan
HG02141	KHV	EAS	nan
HG02142	KHV	EAS	nan
HG02143	ACB	AFR	father
HG02144	ACB	AFR	mother
HG02145	ACB	AFR	child
HG02146	PEL	AMR	father
HG02147	PEL	AMR	mother
HG02148	PEL	AMR	child
HG02150	PEL	AMR	child
HG02151	CDX	EAS	nan
HG02152	CDX	EAS	nan
HG02153	CDX	EAS	nan
HG02154	CDX	EAS	nan
HG02155	CDX	EAS	nan
HG02156	CDX	EAS	nan
HG02164	CDX	EAS	nan
HG02165	CDX	EAS	nan
HG02166	CDX	EAS	nan
HG02168	CDX	EAS	unrel
HG02169	CDX	EAS	unrel
HG02170	CDX	EAS	unrel
HG02173	CDX	EAS	unrel
HG02176	CDX	EAS	unrel
HG02178	CDX	EAS	nan
HG02179	CDX	EAS	nan
HG02180	CDX	EAS	nan
HG02181	CDX	EAS	nan
HG02182	CDX	EAS	nan
HG02184	CDX	EAS	nan
HG02185	CDX	EAS	nan
HG02186	CDX	EAS	nan
HG02187	CDX	EAS	nan
HG02188	CDX	EAS	nan
HG02189	CDX	EAS	nan
HG02190	CDX	EAS	nan
HG02215	GBR	EUR	nan
HG02217	IBS	EUR	child
HG02218	IBS	EUR	mother
HG02219	IBS	EUR	father
HG02220	IBS	EUR	mother
HG02221	IBS	EUR	father
HG02222	IBS	EUR	child
HG02223	IBS	EUR	mother
HG02224	IBS	EUR	father
HG02225	IBS	EUR	child
HG02229	IBS	EUR	child
HG02230	IBS	EUR	mother
HG02231	IBS	EUR	father
HG02232	IBS	EUR	mother
HG02233	IBS	EUR	father
HG02234	IBS	EUR	child
HG02235	IBS	EUR	mother
HG02236	IBS	EUR	father
HG02237	IBS	EUR	child
HG02238	IBS	EUR	father
HG02239	IBS	EUR	mother
HG02240	IBS	EUR	child
HG02250	CDX	EAS	nan
HG02252	PEL	AMR	mother
HG02253	PEL	AMR	father
HG02254	PEL	AMR	child
HG02255	ACB	AFR	father
HG02256	ACB	AFR	mother
HG02257	ACB	AFR	child
HG02258	ACB	AFR	child
HG02259	PEL	AMR	father
HG02260	PEL	AMR	mother
HG02261	PEL	AMR	child
HG02262	PEL	AMR	child
HG02265	PEL	AMR	father
HG02266	PEL	AMR	mother
HG02267	PEL	AMR	child
HG02271	PEL	AMR	father
HG02272	PEL	AMR	mother
HG02273	PEL	AMR	child
HG02274	PEL	AMR	father
HG02275	PEL	AMR	mother
HG02276	PEL	AMR	child
HG02277	PEL	AMR	father
HG02278	PEL	AMR	mother
HG02279	PEL	AMR	child
HG02280	ACB	AFR	child
HG02281	ACB	AFR	father
HG02282	ACB	AFR	mother
HG02283	ACB	AFR	nan
HG02284	ACB	AFR	nan
HG02285	PEL	AMR	father
HG02286	PEL	AMR	mother
HG02287	PEL	AMR	child
HG02288	PEL	AMR	father
HG02291	PEL	AMR	father
HG02292	PEL	AMR	mother
HG02293	PEL	AMR	child
HG02298	PEL	AMR	mother
HG02299	PEL	AMR	father
HG02300	PEL	AMR	child
HG02301	PEL	AMR	mother
HG02302	PEL	AMR	father
HG02303	PEL	AMR	child
HG02304	PEL	AMR	child
HG02307	ACB	AFR	father
HG02308	ACB	AFR	mother
HG02309	ACB	AFR	nan
HG02312	PEL	AMR	child
HG02314	ACB	AFR	father
HG02315	ACB	AFR	mother
HG02316	ACB	AFR	child
HG02317	ACB	AFR	father
HG02318	ACB	AFR	mother
HG02321	ACB	AFR	child
HG02322	ACB	AFR	nan
HG02323	ACB	AFR	nan
HG02325	ACB	AFR	nan
HG02330	ACB	AFR	nan
HG02332	ACB	AFR	nan
HG02334	ACB	AFR	nan
HG02337	ACB	AFR	nan
HG02339	ACB	AFR	nan
HG02343	ACB	AFR	nan
HG02344	PEL	AMR	father
HG02345	PEL	AMR	mother
HG02347	PEL	AMR	father
HG02348	PEL	AMR	mother
HG02351	CDX	EAS	nan
HG02353	CDX	EAS	nan
HG02355	CDX	EAS	nan
HG02356	CDX	EAS	nan
HG02358	CDX	EAS	unrel
HG02360	CDX	EAS	nan
HG02363	CDX	EAS	nan
HG02364	CDX	EAS	nan
HG02367	CDX	EAS	nan
HG02371	CDX	EAS	nan
HG02372	CDX	EAS	nan
HG02373	CDX	EAS	nan
HG02374	CDX	EAS	nan
HG02375	CDX	EAS	nan
HG02377	CDX	EAS	nan
HG02379	CDX	EAS	nan
HG02380	CDX	EAS	nan
HG02381	CDX	EAS	nan
HG02382	CDX	EAS	nan
HG02383	CDX	EAS	nan
HG02384	CDX	EAS	nan
HG02385	CDX	EAS	nan
HG02386	CDX	EAS	nan
HG02387	CDX	EAS	nan
HG02388	CDX	EAS	nan
HG02389	CDX	EAS	nan
HG02390	CDX	EAS	nan
HG02391	CDX	EAS	nan
HG02392	CDX	EAS	nan
HG02394	CDX	EAS	nan
HG02395	CDX	EAS	nan
HG02396	CDX	EAS	nan
HG02397	CDX	EAS	nan
HG02398	CDX	EAS	nan
HG02399	CDX	EAS	nan
HG02401	CDX	EAS	nan
HG02402	CDX	EAS	nan
HG02405	CDX	EAS	unrel
HG02406	CDX	EAS	nan
HG02407	CDX	EAS	nan
HG02408	CDX	EAS	unrel
HG02409	CDX	EAS	nan
HG02410	CDX	EAS	unrel
HG02415	PEL	AMR	mother
HG02419	ACB	AFR	nan
HG02420	ACB	AFR	father
HG02425	PEL	AMR	mother
HG02427	ACB	AFR	mother
HG02428	ACB	AFR	child
HG02429	ACB	AFR	nan
HG02433	ACB	AFR	nan
HG02436	ACB	AFR	nan
HG02439	ACB	AFR	father
HG02442	ACB	AFR	nan
HG02445	ACB	AFR	nan
HG02449	ACB	AFR	father
HG02450	ACB	AFR	mother
HG02451	ACB	AFR	child
HG02455	ACB	AFR	father
HG02461	GWD	AFR	father
HG02462	GWD	AFR	mother
HG02463	GWD	AFR	child
HG02464	GWD	AFR	father
HG02465	GWD	AFR	mother
HG02466	GWD	AFR	child
HG02470	ACB	AFR	nan
HG02471	ACB	AFR	nan
HG02476	ACB	AFR	mother
HG02477	ACB	AFR	mother
HG02478	ACB	AFR	father
HG02479	ACB	AFR	mother
HG02480	ACB	AFR	child
HG02481	ACB	AFR	father
HG02484	ACB	AFR	father
HG02485	ACB	AFR	mother
HG02486	ACB	AFR	child
HG02489	ACB	AFR	nan
HG02490	PJL	SAS	father
HG02491	PJL	SAS	mother
HG02492	PJL	SAS	child
HG02493	PJL	SAS	father
HG02494	PJL	SAS	mother
HG02495	PJL	SAS	child
HG02496	ACB	AFR	nan
HG02497	ACB	AFR	nan
HG02501	ACB	AFR	father
HG02502	ACB	AFR	mother
HG02505	ACB	AFR	mother
HG02508	ACB	AFR	nan
HG02511	ACB	AFR	nan
HG02512	KHV	EAS	father
HG02513	KHV	EAS	mother
HG02514	KHV	EAS	child
HG02521	KHV	EAS	father
HG02522	KHV	EAS	mother
HG02523	KHV	EAS	child
HG02524	KHV	EAS	father
HG02525	KHV	EAS	mother
HG02526	KHV	EAS	child
HG02536	ACB	AFR	father
HG02537	ACB	AFR	mother
HG02541	ACB	AFR	father
HG02545	ACB	AFR	father
HG02546	ACB	AFR	mother
HG02547	ACB	AFR	child
HG02549	ACB	AFR	mother
HG02554	ACB	AFR	father
HG02555	ACB	AFR	mother
HG02557	ACB	AFR	father
HG02558	ACB	AFR	mother
HG02559	ACB	AFR	child
HG02561	GWD	AFR	father
HG02562	GWD	AFR	mother
HG02563	GWD	AFR	child
HG02567	GWD	AFR	father
HG02568	GWD	AFR	mother
HG02569	GWD	AFR	child
HG02570	GWD	AFR	father
HG02571	GWD	AFR	mother
HG02572	GWD	AFR	child
HG02573	GWD	AFR	father
HG02574	GWD	AFR	mother
HG02575	GWD	AFR	child
HG02577	ACB	AFR	mother
HG02580	ACB	AFR	mother
HG02582	GWD	AFR	father
HG02583	GWD	AFR	mother
HG02584	GWD	AFR	child
HG02585	GWD	AFR	father
HG02586	GWD	AFR	mother
HG02587	GWD	AFR	child
HG02588	GWD	AFR	father
HG02589	GWD	AFR	mother
HG02590	GWD	AFR	child
HG02594	GWD	AFR	father
HG02595	GWD	AFR	mother
HG02596	GWD	AFR	child
HG02597	PJL	SAS	father
HG02599	PJL	SAS	child
HG02600	PJL	SAS	father
HG02601	PJL	SAS	mother
HG02602	PJL	SAS	child
HG02603	PJL	SAS	father
HG02604	PJL	SAS	mother
HG02605	PJL	SAS	child
HG02610	GWD	AFR	father
HG02611	GWD	AFR	mother
HG02612	GWD	AFR	child
HG02613	GWD	AFR	father
HG02614	GWD	AFR	mother
HG02615	GWD	AFR	child
HG02620	GWD	AFR	father
HG02621	GWD	AFR	mother
HG02622	GWD	AFR	child
HG02623	GWD	AFR	father
HG02624	GWD	AFR	mother
HG02625	GWD	AFR	child
HG02628	GWD	AFR	father
HG02629	GWD	AFR	mother
HG02630	GWD	AFR	child
HG02634	GWD	AFR	father
HG02635	GWD	AFR	mother
HG02636	GWD	AFR	child
HG02642	GWD	AFR	father
HG02643	GWD	AFR	mother
HG02644	GWD	AFR	child
HG02645	GWD	AFR	father
HG02646	GWD	AFR	mother
HG02647	GWD	AFR	child
HG02648	PJL	SAS	father
HG02649	PJL	SAS	mother
HG02650	PJL	SAS	child
HG02651	PJL	SAS	father
HG02652	PJL	SAS	mother
HG02653	PJL	SAS	child
HG02654	PJL	SAS	father
HG02655	PJL	SAS	mother
HG02656	PJL	SAS	child
HG02657	PJL	SAS	father
HG02658	PJL	SAS	mother
HG02659	PJL	SAS	child
HG02660	PJL	SAS	father
HG02661	PJL	SAS	mother
HG02662	PJL	SAS	child
HG02666	GWD	AFR	father
HG02667	GWD	AFR	mother
HG02668	GWD	AFR	child
HG02675	GWD	AFR	father
HG02676	GWD	AFR	mother
HG02677	GWD	AFR	child
HG02678	GWD	AFR	father
HG02679	GWD	AFR	mother
HG02680	GWD	AFR	child
HG02681	PJL	SAS	father
HG02682	PJL	SAS	mother
HG02683	PJL	SAS	child
HG02684	PJL	SAS	father
HG02685	PJL	SAS	mother
HG02686	PJL	SAS	child
HG02687	PJL	SAS	father
HG02688	PJL	SAS	mother
HG02689	PJL	SAS	child
HG02690	PJL	SAS	father
HG02691	PJL	SAS	mother
HG02692	PJL	SAS	child
HG02694	PJL	SAS	mother
HG02696	PJL	SAS	father
HG02697	PJL	SAS	mother
HG02698	PJL	SAS	child
HG02699	PJL	SAS	father
HG02700	PJL	SAS	mother
HG02701	PJL	SAS	child
HG02702	GWD	AFR	father
HG02703	GWD	AFR	mother
HG02704	GWD	AFR	child
HG02715	GWD	AFR	father
HG02716	GWD	AFR	mother
HG02717	GWD	AFR	child
HG02721	GWD	AFR	father
HG02722	GWD	AFR	mother
HG02723	GWD	AFR	child
HG02724	PJL	SAS	father
HG02725	PJL	SAS	mother
HG02726	PJL	SAS	child
HG02727	PJL	SAS	father
HG02728	PJL	SAS	mother
HG02729	PJL	SAS	child
HG02731	PJL	SAS	mother
HG02733	PJL	SAS	father
HG02734	PJL	SAS	mother
HG02735	PJL	SAS	child
HG02736	PJL	SAS	father
HG02737	PJL	SAS	mother
HG02738	PJL	SAS	child
HG02756	GWD	AFR	father
HG02757	GWD	AFR	mother
HG02758	GWD	AFR	child
HG02759	GWD	AFR	father
HG02760	GWD	AFR	mother
HG02761	GWD	AFR	child
HG02762	GWD	AFR	father
HG02763	GWD	AFR	mother
HG02764	GWD	AFR	child
HG02768	GWD	AFR	father
HG02769	GWD	AFR	mother
HG02770	GWD	AFR	child
HG02771	GWD	AFR	father
HG02772	GWD	AFR	mother
HG02773	GWD	AFR	child
HG02774	PJL	SAS	father
HG02775	PJL	SAS	mother
HG02776	PJL	SAS	child
HG02778	PJL	SAS	mother
HG02779	PJL	SAS	child
HG02780	PJL	SAS	father
HG02781	PJL	SAS	mother
HG02783	PJL	SAS	father
HG02784	PJL	SAS	mother
HG02785	PJL	SAS	child
HG02786	PJL	SAS	father
HG02787	PJL	SAS	mother
HG02788	PJL	SAS	child
HG02789	PJL	SAS	father
HG02790	PJL	SAS	mother
HG02791	PJL	SAS	child
HG02792	PJL	SAS	father
HG02793	PJL	SAS	mother
HG02794	PJL	SAS	child
HG02798	GWD	AFR	father
HG02799	GWD	AFR	mother
HG02800	GWD	AFR	child
HG02804	GWD	AFR	father
HG02805	GWD	AFR	mother
HG02806	GWD	AFR	child
HG02807	GWD	AFR	father
HG02808	GWD	AFR	mother
HG02809	GWD	AFR	child
HG02810	GWD	AFR	father
HG02811	GWD	AFR	mother
HG02812	GWD	AFR	child
HG02813	GWD	AFR	father
HG02814	GWD	AFR	mother
HG02815	GWD	AFR	child
HG02816	GWD	AFR	father
HG02817	GWD	AFR	mother
HG02818	GWD	AFR	child
HG02819	GWD	AFR	father
HG02820	GWD	AFR	mother
HG02821	GWD	AFR	child
HG02836	GWD	AFR	father
HG02837	GWD	AFR	mother
HG02838	GWD	AFR	child
HG02839	GWD	AFR	father
HG02840	GWD	AFR	mother
HG02841	GWD	AFR	child
HG02851	GWD	AFR	father
HG02852	GWD	AFR	mother
HG02853	GWD	AFR	child
HG02854	GWD	AFR	father
HG02855	GWD	AFR	mother
HG02856	GWD	AFR	child
HG02860	GWD	AFR	father
HG02861	GWD	AFR	mother
HG02862	GWD	AFR	child
HG02869	GWD	AFR	father
HG02870	GWD	AFR	mother
HG02871	GWD	AFR	child
HG02878	GWD	AFR	father
HG02879	GWD	AFR	mother
HG02880	GWD	AFR	child
HG02881	GWD	AFR	father
HG02882	GWD	AFR	mother
HG02883	GWD	AFR	child
HG02884	GWD	AFR	father
HG02885	GWD	AFR	mother
HG02886	GWD	AFR	child
HG02887	GWD	AFR	father
HG02888	GWD	AFR	mother
HG02889	GWD	AFR	child
HG02890	GWD	AFR	father
HG02891	GWD	AFR	mother
HG02892	GWD	AFR	child
HG02895	GWD	AFR	father
HG02896	GWD	AFR	mother
HG02897	GWD	AFR	child
HG02922	ESN	AFR	mother
HG02923	ESN	AFR	father
HG02924	ESN	AFR	child
HG02938	ESN	AFR	father
HG02939	ESN	AFR	child
HG02941	ESN	AFR	father
HG02942	ESN	AFR	child
HG02943	ESN	AFR	mother
HG02944	ESN	AFR	father
HG02945	ESN	AFR	child
HG02946	ESN	AFR	mother
HG02947	ESN	AFR	father
HG02948	ESN	AFR	child
HG02952	ESN	AFR	mother
HG02953	ESN	AFR	father
HG02954	ESN	AFR	child
HG02964	ESN	AFR	mother
HG02965	ESN	AFR	father
HG02966	ESN	AFR	child
HG02968	ESN	AFR	father
HG02969	ESN	AFR	child
HG02970	ESN	AFR	mother
HG02971	ESN	AFR	father
HG02972	ESN	AFR	child
HG02973	ESN	AFR	father
HG02974	ESN	AFR	mother
HG02975	ESN	AFR	child
HG02976	ESN	AFR	mother
HG02977	ESN	AFR	father
HG02978	ESN	AFR	child
HG02979	ESN	AFR	mother
HG02980	ESN	AFR	child
HG02981	ESN	AFR	father
HG02982	GWD	AFR	father
HG02983	GWD	AFR	mother
HG02984	GWD	AFR	child
HG03006	BEB	SAS	father
HG03007	BEB	SAS	mother
HG03008	BEB	SAS	child
HG03009	BEB	SAS	unrel
HG03012	BEB	SAS	father
HG03015	PJL	SAS	father
HG03016	PJL	SAS	mother
HG03017	PJL	SAS	child
HG03018	PJL	SAS	father
HG03019	PJL	SAS	mother
HG03021	PJL	SAS	father
HG03022	PJL	SAS	unrel
HG03023	PJL	SAS	child
HG03024	GWD	AFR	father
HG03025	GWD	AFR	mother
HG03026	GWD	AFR	child
HG03027	GWD	AFR	father
HG03028	GWD	AFR	mother
HG03029	GWD	AFR	child
HG03033	GWD	AFR	father
HG03034	GWD	AFR	mother
HG03035	GWD	AFR	child
HG03039	GWD	AFR	father
HG03040	GWD	AFR	mother
HG03041	GWD	AFR	child
HG03045	GWD	AFR	father
HG03046	GWD	AFR	mother
HG03047	GWD	AFR	child
HG03048	GWD	AFR	father
HG03049	GWD	AFR	mother
HG03050	GWD	AFR	child
HG03052	MSL	AFR	mother
HG03053	MSL	AFR	child
HG03054	MSL	AFR	father
HG03055	MSL	AFR	mother
HG03056	MSL	AFR	child
HG03057	MSL	AFR	unrel
HG03058	MSL	AFR	mother
HG03059	MSL	AFR	child
HG03060	MSL	AFR	unrel
HG03061	MSL	AFR	mother
HG03062	MSL	AFR	child
HG03063	MSL	AFR	father
HG03064	MSL	AFR	mother
HG03065	MSL	AFR	child
HG03066	MSL	AFR	father
HG03069	MSL	AFR	father
HG03072	MSL	AFR	father
HG03073	MSL	AFR	mother
HG03074	MSL	AFR	unrel
HG03076	MSL	AFR	mother
HG03077	MSL	AFR	unrel
HG03078	MSL	AFR	unrel
HG03079	MSL	AFR	mother
HG03080	MSL	AFR	child
HG03081	MSL	AFR	father
HG03082	MSL	AFR	mother
HG03084	MSL	AFR	unrel
HG03085	MSL	AFR	unrel
HG03086	MSL	AFR	unrel
HG03088	MSL	AFR	mother
HG03091	MSL	AFR	mother
HG03095	MSL	AFR	child
HG03096	MSL	AFR	father
HG03097	MSL	AFR	mother
HG03098	MSL	AFR	child
HG03099	ESN	AFR	mother
HG03100	ESN	AFR	father
HG03101	ESN	AFR	child
HG03103	ESN	AFR	father
HG03104	ESN	AFR	child
HG03105	ESN	AFR	mother
HG03107	ESN	AFR	child
HG03108	ESN	AFR	mother
HG03109	ESN	AFR	father
HG03110	ESN	AFR	child
HG03111	ESN	AFR	mother
HG03112	ESN	AFR	father
HG03113	ESN	AFR	child
HG03114	ESN	AFR	mother
HG03115	ESN	AFR	father
HG03116	ESN	AFR	child
HG03117	ESN	AFR	mother
HG03118	ESN	AFR	father
HG03119	ESN	AFR	child
HG03120	ESN	AFR	father
HG03121	ESN	AFR	mother
HG03122	ESN	AFR	child
HG03123	ESN	AFR	mother
HG03124	ESN	AFR	father
HG03125	ESN	AFR	child
HG03126	ESN	AFR	mother
HG03127	ESN	AFR	father
HG03128	ESN	AFR	child
HG03129	ESN	AFR	mother
HG03130	ESN	AFR	father
HG03131	ESN	AFR	child
HG03132	ESN	AFR	mother
HG03133	ESN	AFR	father
HG03134	ESN	AFR	child
HG03135	ESN	AFR	mother
HG03136	ESN	AFR	father
HG03137	ESN	AFR	child
HG03139	ESN	AFR	father
HG03140	ESN	AFR	child
HG03157	ESN	AFR	father
HG03158	ESN	AFR	child
HG03159	ESN	AFR	mother
HG03160	ESN	AFR	father
HG03161	ESN	AFR	child
HG03162	ESN	AFR	mother
HG03163	ESN	AFR	father
HG03164	ESN	AFR	child
HG03166	ESN	AFR	father
HG03167	ESN	AFR	child
HG03168	ESN	AFR	mother
HG03169	ESN	AFR	father
HG03170	ESN	AFR	child
HG03171	ESN	AFR	unrel
HG03172	ESN	AFR	father
HG03173	ESN	AFR	child
HG03175	ESN	AFR	father
HG03176	ESN	AFR	child
HG03189	ESN	AFR	mother
HG03190	ESN	AFR	father
HG03191	ESN	AFR	child
HG03193	ESN	AFR	father
HG03194	ESN	AFR	child
HG03195	ESN	AFR	mother
HG03196	ESN	AFR	father
HG03197	ESN	AFR	child
HG03198	ESN	AFR	mother
HG03199	ESN	AFR	father
HG03200	ESN	AFR	child
HG03202	ESN	AFR	father
HG03203	ESN	AFR	child
HG03209	MSL	AFR	child
HG03212	MSL	AFR	child
HG03224	MSL	AFR	child
HG03225	MSL	AFR	father
HG03228	PJL	SAS	father
HG03229	PJL	SAS	mother
HG03230	PJL	SAS	child
HG03234	PJL	SAS	father
HG03235	PJL	SAS	mother
HG03236	PJL	SAS	child
HG03237	PJL	SAS	father
HG03238	PJL	SAS	mother
HG03239	PJL	SAS	child
HG03240	GWD	AFR	father
HG03241	GWD	AFR	mother
HG03242	GWD	AFR	child
HG03246	GWD	AFR	father
HG03247	GWD	AFR	mother
HG03248	GWD	AFR	child
HG03249	GWD	AFR	father
HG03250	GWD	AFR	mother
HG03251	GWD	AFR	child
HG03258	GWD	AFR	father
HG03259	GWD	AFR	mother
HG03260	GWD	AFR	child
HG03265	ESN	AFR	father
HG03266	ESN	AFR	child
HG03267	ESN	AFR	mother
HG03268	ESN	AFR	father
HG03269	ESN	AFR	child
HG03270	ESN	AFR	mother
HG03271	ESN	AFR	father
HG03272	ESN	AFR	child
HG03279	ESN	AFR	mother
HG03280	ESN	AFR	father
HG03291	ESN	AFR	mother
HG03293	ESN	AFR	child
HG03294	ESN	AFR	mother
HG03295	ESN	AFR	father
HG03296	ESN	AFR	child
HG03297	ESN	AFR	mother
HG03298	ESN	AFR	father
HG03299	ESN	AFR	child
HG03300	ESN	AFR	mother
HG03301	ESN	AFR	father
HG03302	ESN	AFR	child
HG03303	ESN	AFR	mother
HG03304	ESN	AFR	father
HG03305	ESN	AFR	child
HG03306	ESN	AFR	mother
HG03307	ESN	AFR	father
HG03308	ESN	AFR	child
HG03309	ESN	AFR	mother
HG03310	ESN	AFR	child
HG03311	ESN	AFR	father
HG03312	ESN	AFR	mother
HG03313	ESN	AFR	father
HG03314	ESN	AFR	child
HG03339	ESN	AFR	mother
HG03341	ESN	AFR	child
HG03342	ESN	AFR	mother
HG03343	ESN	AFR	father
HG03344	ESN	AFR	child
HG03350	ESN	AFR	child
HG03351	ESN	AFR	mother
HG03352	ESN	AFR	father
HG03354	ESN	AFR	mother
HG03361	ESN	AFR	father
HG03362	ESN	AFR	child
HG03363	ESN	AFR	mother
HG03365	ESN	AFR	child
HG03366	ESN	AFR	mother
HG03367	ESN	AFR	father
HG03368	ESN	AFR	child
HG03369	ESN	AFR	mother
HG03370	ESN	AFR	father
HG03371	ESN	AFR	child
HG03372	ESN	AFR	mother
HG03373	ESN	AFR	father
HG03374	ESN	AFR	child
HG03376	MSL	AFR	father
HG03378	MSL	AFR	unrel
HG03380	MSL	AFR	mother
HG03381	MSL	AFR	child
HG03382	MSL	AFR	father
HG03383	MSL	AFR	unrel
HG03384	MSL	AFR	child
HG03385	MSL	AFR	father
HG03388	MSL	AFR	father
HG03390	MSL	AFR	child
HG03391	MSL	AFR	father
HG03393	MSL	AFR	unrel
HG03394	MSL	AFR	father
HG03397	MSL	AFR	unrel
HG03398	MSL	AFR	unrel
HG03399	MSL	AFR	Child2
HG03401	MSL	AFR	mother
HG03402	MSL	AFR	child
HG03408	MSL	AFR	child
HG03410	MSL	AFR	mother
HG03411	MSL	AFR	child
HG03419	MSL	AFR	mother
HG03428	MSL	AFR	mother
HG03431	MSL	AFR	unrel
HG03432	MSL	AFR	unrel
HG03433	MSL	AFR	unrel
HG03436	MSL	AFR	unrel
HG03437	MSL	AFR	unrel
HG03438	MSL	AFR	child
HG03439	MSL	AFR	father
HG03442	MSL	AFR	unrel
HG03445	MSL	AFR	unrel
HG03446	MSL	AFR	unrel
HG03449	MSL	AFR	mother
HG03450	MSL	AFR	child
HG03451	MSL	AFR	father
HG03452	MSL	AFR	mother
HG03453	MSL	AFR	child
HG03454	MSL	AFR	father
HG03455	MSL	AFR	mother
HG03456	MSL	AFR	child
HG03457	MSL	AFR	unrel
HG03458	MSL	AFR	mother
HG03459	MSL	AFR	child
HG03460	MSL	AFR	unrel
HG03461	MSL	AFR	unrel
HG03462	MSL	AFR	unrel
HG03464	MSL	AFR	mother
HG03465	MSL	AFR	child
HG03466	MSL	AFR	paternal father
HG03468	MSL	AFR	paternal brother
HG03469	MSL	AFR	father
HG03470	MSL	AFR	mother
HG03471	MSL	AFR	Child2
HG03472	MSL	AFR	unrel
HG03473	MSL	AFR	mother
HG03474	MSL	AFR	child
HG03476	MSL	AFR	mother
HG03477	MSL	AFR	child
HG03478	MSL	AFR	father
HG03479	MSL	AFR	mother
HG03480	MSL	AFR	child
HG03484	MSL	AFR	father
HG03485	MSL	AFR	mother
HG03486	MSL	AFR	child
HG03487	PJL	SAS	father
HG03488	PJL	SAS	mother
HG03489	PJL	SAS	child
HG03490	PJL	SAS	father
HG03491	PJL	SAS	mother
HG03492	PJL	SAS	child
HG03493	ESN	AFR	mother
HG03499	ESN	AFR	nan
HG03508	ESN	AFR	mother
HG03510	ESN	AFR	child
HG03511	ESN	AFR	mother
HG03513	ESN	AFR	child
HG03514	ESN	AFR	mother
HG03515	ESN	AFR	father
HG03516	ESN	AFR	child
HG03517	ESN	AFR	mother
HG03518	ESN	AFR	father
HG03519	ESN	AFR	child
HG03520	ESN	AFR	mother
HG03521	ESN	AFR	father
HG03522	ESN	AFR	child
HG03538	GWD	AFR	father
HG03539	GWD	AFR	mother
HG03540	GWD	AFR	child
HG03547	MSL	AFR	unrel
HG03548	MSL	AFR	unrel
HG03549	MSL	AFR	unrel
HG03556	MSL	AFR	unrel
HG03557	MSL	AFR	unrel
HG03558	MSL	AFR	unrel
HG03559	MSL	AFR	father
HG03563	MSL	AFR	mother
HG03564	MSL	AFR	child
HG03565	MSL	AFR	unrel
HG03566	MSL	AFR	unrel
HG03567	MSL	AFR	unrel
HG03569	MSL	AFR	mother
HG03571	MSL	AFR	father
HG03572	MSL	AFR	mother
HG03574	MSL	AFR	father
HG03575	MSL	AFR	mother
HG03576	MSL	AFR	child
HG03577	MSL	AFR	father
HG03578	MSL	AFR	mother
HG03579	MSL	AFR	child
HG03582	MSL	AFR	father
HG03583	MSL	AFR	mother
HG03584	MSL	AFR	child
HG03585	BEB	SAS	father
HG03587	BEB	SAS	child
HG03589	BEB	SAS	mother
HG03590	BEB	SAS	child
HG03593	BEB	SAS	child
HG03594	BEB	SAS	father
HG03595	BEB	SAS	mother
HG03596	BEB	SAS	child
HG03598	BEB	SAS	mother
HG03599	BEB	SAS	child
HG03600	BEB	SAS	father
HG03602	BEB	SAS	child
HG03603	BEB	SAS	father
HG03604	BEB	SAS	mother
HG03605	BEB	SAS	child
HG03606	BEB	SAS	father
HG03607	BEB	SAS	mother
HG03611	BEB	SAS	child
HG03615	BEB	SAS	father
HG03616	BEB	SAS	mother
HG03617	BEB	SAS	child
HG03618	PJL	SAS	father
HG03619	PJL	SAS	mother
HG03620	PJL	SAS	child
HG03621	PJL	SAS	father
HG03624	PJL	SAS	father
HG03625	PJL	SAS	mother
HG03626	PJL	SAS	child
HG03629	PJL	SAS	child
HG03631	PJL	SAS	mother
HG03633	PJL	SAS	father
HG03634	PJL	SAS	mother
HG03635	PJL	SAS	child
HG03636	PJL	SAS	father
HG03638	PJL	SAS	child
HG03639	PJL	SAS	father
HG03640	PJL	SAS	mother
HG03641	PJL	SAS	child
HG03642	STU	SAS	mother
HG03643	STU	SAS	mother
HG03644	STU	SAS	father
HG03645	STU	SAS	mother
HG03646	STU	SAS	father
HG03649	PJL	SAS	father
HG03650	PJL	SAS	mother
HG03651	PJL	SAS	child
HG03652	PJL	SAS	father
HG03653	PJL	SAS	mother
HG03654	PJL	SAS	child
HG03656	PJL	SAS	mother
HG03657	PJL	SAS	child
HG03660	PJL	SAS	child
HG03663	PJL	SAS	child
HG03667	PJL	SAS	father
HG03668	PJL	SAS	mother
HG03669	PJL	SAS	child
HG03672	STU	SAS	husband of Child
HG03673	STU	SAS	mother
HG03679	STU	SAS	father
HG03680	STU	SAS	father
HG03681	STU	SAS	father
HG03682	STU	SAS	father
HG03683	STU	SAS	child
HG03684	STU	SAS	mother
HG03685	STU	SAS	father
HG03686	STU	SAS	father
HG03687	STU	SAS	father
HG03688	STU	SAS	child
HG03689	STU	SAS	mother
HG03690	STU	SAS	mother
HG03691	STU	SAS	father
HG03692	STU	SAS	mother
HG03693	STU	SAS	father
HG03694	STU	SAS	father
HG03695	STU	SAS	father
HG03696	STU	SAS	father
HG03697	STU	SAS	father
HG03698	STU	SAS	mother
HG03699	PJL	SAS	father
HG03700	PJL	SAS	mother
HG03701	PJL	SAS	child
HG03702	PJL	SAS	father
HG03703	PJL	SAS	mother
HG03704	PJL	SAS	child
HG03705	PJL	SAS	father
HG03706	PJL	SAS	mother
HG03707	PJL	SAS	child
HG03708	PJL	SAS	father
HG03709	PJL	SAS	mother
HG03710	PJL	SAS	child
HG03711	STU	SAS	father
HG03713	ITU	SAS	father
HG03714	ITU	SAS	mother
HG03715	ITU	SAS	child
HG03716	ITU	SAS	father
HG03717	ITU	SAS	mother
HG03718	ITU	SAS	father
HG03719	ITU	SAS	child
HG03720	ITU	SAS	father
HG03721	ITU	SAS	mother
HG03722	ITU	SAS	mother
HG03723	ITU	SAS	mother
HG03725	ITU	SAS	father
HG03727	ITU	SAS	father
HG03729	ITU	SAS	father
HG03730	ITU	SAS	mother
HG03731	ITU	SAS	mother
HG03732	ITU	SAS	child
HG03733	STU	SAS	child
HG03736	STU	SAS	mother
HG03738	STU	SAS	father
HG03740	STU	SAS	father
HG03741	STU	SAS	mother
HG03742	ITU	SAS	father
HG03743	STU	SAS	father
HG03744	STU	SAS	father
HG03745	STU	SAS	father
HG03746	STU	SAS	father
HG03750	STU	SAS	father
HG03752	STU	SAS	mother
HG03753	STU	SAS	father
HG03754	STU	SAS	mother
HG03755	STU	SAS	father
HG03756	STU	SAS	mother
HG03757	STU	SAS	mother
HG03760	STU	SAS	mother
HG03761	PJL	SAS	father
HG03762	PJL	SAS	mother
HG03763	PJL	SAS	child
HG03765	PJL	SAS	mother
HG03766	PJL	SAS	child
HG03767	PJL	SAS	father
HG03769	PJL	SAS	child
HG03770	ITU	SAS	mother
HG03771	ITU	SAS	father
HG03772	ITU	SAS	mother
HG03773	ITU	SAS	father
HG03774	ITU	SAS	mother
HG03775	ITU	SAS	father
HG03777	ITU	SAS	father
HG03778	ITU	SAS	father
HG03779	ITU	SAS	father
HG03780	ITU	SAS	mother
HG03781	ITU	SAS	mother
HG03782	ITU	SAS	mother
HG03783	ITU	SAS	child
HG03784	ITU	SAS	mother
HG03785	ITU	SAS	father
HG03786	ITU	SAS	father
HG03787	ITU	SAS	mother
HG03788	ITU	SAS	father
HG03789	ITU	SAS	mother
HG03790	ITU	SAS	father
HG03792	ITU	SAS	father
HG03793	BEB	SAS	mother
HG03794	BEB	SAS	father
HG03795	BEB	SAS	child
HG03796	BEB	SAS	mother
HG03797	BEB	SAS	father
HG03798	BEB	SAS	child
HG03799	BEB	SAS	mother
HG03800	BEB	SAS	father
HG03801	BEB	SAS	child
HG03802	BEB	SAS	mother
HG03803	BEB	SAS	father
HG03804	BEB	SAS	child
HG03805	BEB	SAS	mother
HG03806	BEB	SAS	father
HG03807	BEB	SAS	child
HG03808	BEB	SAS	mother
HG03809	BEB	SAS	father
HG03811	BEB	SAS	mother
HG03812	BEB	SAS	unrel
HG03813	BEB	SAS	child
HG03814	BEB	SAS	mother
HG03815	BEB	SAS	father
HG03816	BEB	SAS	child
HG03817	BEB	SAS	mother
HG03821	BEB	SAS	father
HG03822	BEB	SAS	child
HG03823	BEB	SAS	mother
HG03824	BEB	SAS	father
HG03825	BEB	SAS	child
HG03826	BEB	SAS	mother
HG03829	BEB	SAS	mother
HG03830	BEB	SAS	father
HG03831	BEB	SAS	child
HG03832	BEB	SAS	mother
HG03833	BEB	SAS	father
HG03834	BEB	SAS	child
HG03835	STU	SAS	Child2
HG03836	STU	SAS	mother
HG03837	STU	SAS	father
HG03838	STU	SAS	mother
HG03840	STU	SAS	child
HG03842	STU	SAS	mother
HG03844	STU	SAS	father
HG03845	STU	SAS	father
HG03846	STU	SAS	child
HG03847	STU	SAS	father
HG03848	STU	SAS	father
HG03849	STU	SAS	mother
HG03850	STU	SAS	father
HG03851	STU	SAS	father
HG03854	STU	SAS	father
HG03856	STU	SAS	father
HG03857	STU	SAS	mother
HG03858	STU	SAS	mother
HG03861	ITU	SAS	mother
HG03862	ITU	SAS	mother
HG03863	ITU	SAS	mother
HG03864	ITU	SAS	father
HG03866	ITU	SAS	father
HG03867	ITU	SAS	father
HG03868	ITU	SAS	child
HG03869	ITU	SAS	father
HG03870	ITU	SAS	father
HG03871	ITU	SAS	unrel
HG03872	ITU	SAS	father
HG03873	ITU	SAS	mother
HG03874	ITU	SAS	mother
HG03875	ITU	SAS	father
HG03876	ITU	SAS	child
HG03879	ITU	SAS	Child2
HG03882	ITU	SAS	wife of child
HG03884	STU	SAS	mother
HG03885	STU	SAS	father
HG03886	STU	SAS	mother
HG03887	STU	SAS	father
HG03888	STU	SAS	mother
HG03890	STU	SAS	father
HG03894	STU	SAS	mother
HG03895	STU	SAS	mother
HG03896	STU	SAS	father
HG03897	STU	SAS	mother
HG03898	STU	SAS	mother
HG03899	STU	SAS	father
HG03900	STU	SAS	father
HG03901	BEB	SAS	mother
HG03902	BEB	SAS	unrel
HG03903	BEB	SAS	child
HG03904	BEB	SAS	mother
HG03905	BEB	SAS	father
HG03906	BEB	SAS	child
HG03907	BEB	SAS	mother
HG03908	BEB	SAS	father
HG03909	BEB	SAS	child
HG03910	BEB	SAS	mother
HG03911	BEB	SAS	father
HG03913	BEB	SAS	mother
HG03914	BEB	SAS	father
HG03915	BEB	SAS	child
HG03916	BEB	SAS	unrel
HG03917	BEB	SAS	father
HG03919	BEB	SAS	mother
HG03920	BEB	SAS	father
HG03922	BEB	SAS	mother
HG03924	BEB	SAS	child
HG03925	BEB	SAS	mother
HG03926	BEB	SAS	father
HG03927	BEB	SAS	child
HG03928	BEB	SAS	mother
HG03929	BEB	SAS	father
HG03930	BEB	SAS	child
HG03931	BEB	SAS	mother
HG03934	BEB	SAS	mother
HG03937	BEB	SAS	mother
HG03939	BEB	SAS	child
HG03940	BEB	SAS	mother
HG03941	BEB	SAS	father
HG03942	BEB	SAS	child
HG03943	STU	SAS	father
HG03944	STU	SAS	mother
HG03945	STU	SAS	mother
HG03947	STU	SAS	mother
HG03948	STU	SAS	Child2
HG03949	STU	SAS	mother
HG03950	STU	SAS	father
HG03951	STU	SAS	mother
HG03953	STU	SAS	father
HG03955	STU	SAS	mother
HG03960	ITU	SAS	father
HG03963	ITU	SAS	father
HG03965	ITU	SAS	father
HG03967	ITU	SAS	nan
HG03968	ITU	SAS	mother
HG03969	ITU	SAS	father
HG03971	ITU	SAS	father
HG03972	ITU	SAS	mother
HG03973	ITU	SAS	mother
HG03974	ITU	SAS	father
HG03976	ITU	SAS	father
HG03977	ITU	SAS	mother
HG03978	ITU	SAS	father
HG03982	STU	SAS	father
HG03985	STU	SAS	father
HG03986	STU	SAS	mother
HG03988	STU	SAS	father
HG03989	STU	SAS	mother
HG03990	STU	SAS	father
HG03991	STU	SAS	father
HG03992	STU	SAS	child
HG03995	STU	SAS	mother
HG03998	STU	SAS	father
HG03999	STU	SAS	child
HG04001	ITU	SAS	mother
HG04002	ITU	SAS	father
HG04003	STU	SAS	father
HG04006	STU	SAS	father
HG04014	ITU	SAS	mother
HG04015	ITU	SAS	father
HG04017	ITU	SAS	father
HG04018	ITU	SAS	mother
HG04019	ITU	SAS	father
HG04020	ITU	SAS	father
HG04022	ITU	SAS	father
HG04023	ITU	SAS	father
HG04024	ITU	SAS	mother
HG04025	ITU	SAS	mother
HG04026	ITU	SAS	mother
HG04029	STU	SAS	mother
HG04033	STU	SAS	father
HG04035	STU	SAS	mother
HG04036	STU	SAS	Child2
HG04037	STU	SAS	mother
HG04038	STU	SAS	mother
HG04039	STU	SAS	father
HG04040	STU	SAS	child
HG04042	STU	SAS	mother
HG04047	STU	SAS	mother
HG04050	ITU	SAS	mother
HG04053	ITU	SAS	father
HG04054	ITU	SAS	mother
HG04055	ITU	SAS	father
HG04056	ITU	SAS	father
HG04058	ITU	SAS	father
HG04059	ITU	SAS	mother
HG04060	ITU	SAS	father
HG04061	ITU	SAS	father
HG04062	ITU	SAS	mother
HG04063	ITU	SAS	mother
HG04067	STU	SAS	maternal grandmother
HG04070	ITU	SAS	mother
HG04075	STU	SAS	mother
HG04076	ITU	SAS	mother
HG04080	ITU	SAS	father
HG04090	ITU	SAS	mother
HG04093	ITU	SAS	father
HG04094	ITU	SAS	father
HG04096	ITU	SAS	father
HG04098	ITU	SAS	father
HG04099	STU	SAS	mother
HG04100	STU	SAS	father
HG04106	STU	SAS	mother
HG04107	STU	SAS	father
HG04114	STU	SAS	child
HG04115	STU	SAS	child
HG04118	ITU	SAS	mother
HG04122	STU	SAS	child
HG04127	STU	SAS	father
HG04128	BEB	SAS	father
HG04131	BEB	SAS	father
HG04132	BEB	SAS	mother
HG04133	BEB	SAS	child
HG04134	BEB	SAS	father
HG04135	BEB	SAS	mother
HG04136	BEB	SAS	child
HG04140	BEB	SAS	father
HG04141	BEB	SAS	mother
HG04142	BEB	SAS	child
HG04144	BEB	SAS	mother
HG04146	BEB	SAS	father
HG04147	BEB	SAS	mother
HG04148	BEB	SAS	child
HG04149	BEB	SAS	father
HG04150	BEB	SAS	mother
HG04151	BEB	SAS	child
HG04152	BEB	SAS	father
HG04153	BEB	SAS	mother
HG04155	BEB	SAS	father
HG04156	BEB	SAS	mother
HG04157	BEB	SAS	child
HG04158	BEB	SAS	father
HG04159	BEB	SAS	mother
HG04160	BEB	SAS	child
HG04161	BEB	SAS	father
HG04162	BEB	SAS	mother
HG04164	BEB	SAS	father
HG04171	BEB	SAS	mother
HG04173	BEB	SAS	father
HG04174	BEB	SAS	mother
HG04175	BEB	SAS	child
HG04176	BEB	SAS	father
HG04177	BEB	SAS	mother
HG04180	BEB	SAS	mother
HG04181	BEB	SAS	child
HG04182	BEB	SAS	father
HG04183	BEB	SAS	mother
HG04184	BEB	SAS	child
HG04185	BEB	SAS	father
HG04186	BEB	SAS	mother
HG04187	BEB	SAS	child
HG04188	BEB	SAS	father
HG04189	BEB	SAS	mother
HG04191	BEB	SAS	father
HG04192	BEB	SAS	mother
HG04193	BEB	SAS	child
HG04194	BEB	SAS	father
HG04195	BEB	SAS	mother
HG04197	STU	SAS	child
HG04198	ITU	SAS	father
HG04199	STU	SAS	child
HG04200	ITU	SAS	mother
HG04202	ITU	SAS	mother
HG04204	STU	SAS	child
HG04206	ITU	SAS	unrel
HG04208	STU	SAS	child
HG04209	ITU	SAS	mother
HG04210	STU	SAS	father
HG04211	ITU	SAS	father
HG04212	ITU	SAS	mother
HG04214	ITU	SAS	mother
HG04215	STU	SAS	Child2
HG04216	ITU	SAS	mother
HG04217	ITU	SAS	child
HG04219	ITU	SAS	child
HG04222	ITU	SAS	father
HG04225	ITU	SAS	father
HG04227	STU	SAS	mother
HG04228	STU	SAS	child
HG04229	STU	SAS	father
HG04235	ITU	SAS	father
HG04238	ITU	SAS	father
HG04239	ITU	SAS	unrel
HG04301	GBR	EUR	nan
HG04302	GBR	EUR	nan
HG04303	GBR	EUR	nan
NA06984	CEU	EUR	father
NA06985	CEU	EUR	mat grandmother
NA06986	CEU	EUR	mat grandfather
NA06989	CEU	EUR	mother
NA06991	CEU	EUR	mother
NA06993	CEU	EUR	mat grandfather
NA06994	CEU	EUR	pat grandfather
NA06995	CEU	EUR	father
NA06997	CEU	EUR	mother
NA07000	CEU	EUR	pat grandmother
NA07014	CEU	EUR	mother
NA07019	CEU	EUR	mother
NA07022	CEU	EUR	mat grandfather
NA07029	CEU	EUR	father
NA07031	CEU	EUR	mat grandmother
NA07034	CEU	EUR	pat grandfather
NA07037	CEU	EUR	pat grandmother
NA07045	CEU	EUR	mat grandmother
NA07048	CEU	EUR	father
NA07051	CEU	EUR	mat grandfather
NA07055	CEU	EUR	pat grandmother
NA07056	CEU	EUR	mat grandmother
NA07340	CEU	EUR	pat grandmother
NA07345	CEU	EUR	mat grandmother
NA07346	CEU	EUR	pat grandmother
NA07347	CEU	EUR	pat grandfather
NA07348	CEU	EUR	mother
NA07349	CEU	EUR	father
NA07357	CEU	EUR	mat grandfather
NA07435	CEU	EUR	pat grandfather
NA10830	CEU	EUR	father
NA10831	CEU	EUR	mother
NA10835	CEU	EUR	father
NA10836	CEU	EUR	mother
NA10837	CEU	EUR	father
NA10838	CEU	EUR	father
NA10839	CEU	EUR	mother
NA10840	CEU	EUR	mother
NA10842	CEU	EUR	father
NA10843	CEU	EUR	mother
NA10845	CEU	EUR	father
NA10846	CEU	EUR	father
NA10847	CEU	EUR	mother
NA10850	CEU	EUR	mother
NA10851	CEU	EUR	father
NA10852	CEU	EUR	mother
NA10853	CEU	EUR	father
NA10854	CEU	EUR	mother
NA10855	CEU	EUR	mother
NA10856	CEU	EUR	father
NA10857	CEU	EUR	father
NA10859	CEU	EUR	mother
NA10860	CEU	EUR	father
NA10861	CEU	EUR	mother
NA10863	CEU	EUR	mother
NA10864	CEU	EUR	mother
NA10865	CEU	EUR	father
NA11829	CEU	EUR	pat grandfather
NA11830	CEU	EUR	pat grandmother
NA11831	CEU	EUR	mat grandfather
NA11832	CEU	EUR	mat grandmother
NA11839	CEU	EUR	mat grandfather
NA11840	CEU	EUR	mat grandmother
NA11843	CEU	EUR	pat grandfather
NA11881	CEU	EUR	mat grandfather
NA11882	CEU	EUR	mat grandmother
NA11891	CEU	EUR	pat grandfather
NA11892	CEU	EUR	pat grandmother
NA11893	CEU	EUR	mat grandfather
NA11894	CEU	EUR	mat grandmother
NA11917	CEU	EUR	pat grandfather
NA11918	CEU	EUR	pat grandmother
NA11919	CEU	EUR	mat grandfather
NA11920	CEU	EUR	mat grandmother
NA11930	CEU	EUR	pat grandfather
NA11931	CEU	EUR	pat grandmother
NA11932	CEU	EUR	mat grandfather
NA11933	CEU	EUR	mat grandmother
NA11992	CEU	EUR	pat grandfather
NA11993	CEU	EUR	pat grandmother
NA11994	CEU	EUR	mat grandfather
NA11995	CEU	EUR	mat grandmother
NA12003	CEU	EUR	pat grandfather
NA12004	CEU	EUR	pat grandmother
NA12005	CEU	EUR	mat grandfather
NA12006	CEU	EUR	mat grandmother
NA12043	CEU	EUR	pat grandfather
NA12044	CEU	EUR	pat grandmother
NA12045	CEU	EUR	mat grandfather
NA12046	CEU	EUR	mat grandmother
NA12056	CEU	EUR	pat grandfather
NA12057	CEU	EUR	pat grandmother
NA12058	CEU	EUR	mat grandmother
NA12144	CEU	EUR	pat grandfather
NA12145	CEU	EUR	pat grandmother
NA12146	CEU	EUR	mat grandfather
NA12154	CEU	EUR	pat grandfather
NA12155	CEU	EUR	mat grandfather
NA12156	CEU	EUR	mat grandmother
NA12234	CEU	EUR	mat grandmother
NA12239	CEU	EUR	mat grandmother
NA12248	CEU	EUR	pat grandfather
NA12249	CEU	EUR	pat grandmother
NA12264	CEU	EUR	mat grandfather
NA12272	CEU	EUR	pat grandfather
NA12273	CEU	EUR	pat grandmother
NA12274	CEU	EUR	mat grandfather
NA12275	CEU	EUR	mat grandmother
NA12282	CEU	EUR	pat grandfather
NA12283	CEU	EUR	pat grandmother
NA12286	CEU	EUR	mat grandfather
NA12287	CEU	EUR	mat grandmother
NA12329	CEU	EUR	daughter
NA12335	CEU	EUR	father
NA12336	CEU	EUR	mother
NA12340	CEU	EUR	pat grandfather
NA12341	CEU	EUR	pat grandmother
NA12342	CEU	EUR	mat grandfather
NA12343	CEU	EUR	mat grandmother
NA12344	CEU	EUR	father
NA12347	CEU	EUR	pat grandfather
NA12348	CEU	EUR	pat grandmother
NA12375	CEU	EUR	father
NA12376	CEU	EUR	mother
NA12383	CEU	EUR	pat grandmother
NA12386	CEU	EUR	mother
NA12399	CEU	EUR	mat grandfather
NA12400	CEU	EUR	mat grandmother
NA12413	CEU	EUR	pat grandfather
NA12414	CEU	EUR	pat grandmother
NA12485	CEU	EUR	father
NA12489	CEU	EUR	mat grandmother
NA12546	CEU	EUR	mat grandfather
NA12707	CEU	EUR	father
NA12708	CEU	EUR	mother
NA12716	CEU	EUR	pat grandfather
NA12717	CEU	EUR	pat grandmother
NA12718	CEU	EUR	mat grandmother
NA12739	CEU	EUR	father
NA12740	CEU	EUR	mother
NA12748	CEU	EUR	pat grandfather
NA12749	CEU	EUR	pat grandmother
NA12750	CEU	EUR	mat grandfather
NA12751	CEU	EUR	mat grandmother
NA12752	CEU	EUR	father
NA12753	CEU	EUR	mother
NA12760	CEU	EUR	pat grandfather
NA12761	CEU	EUR	pat grandmother
NA12762	CEU	EUR	mat grandfather
NA12763	CEU	EUR	mat grandmother
NA12766	CEU	EUR	father
NA12767	CEU	EUR	mother
NA12775	CEU	EUR	pat grandfather
NA12776	CEU	EUR	pat grandmother
NA12777	CEU	EUR	mat grandfather
NA12778	CEU	EUR	mat grandmother
NA12801	CEU	EUR	father
NA12802	CEU	EUR	mother
NA12812	CEU	EUR	pat grandfather
NA12813	CEU	EUR	pat grandmother
NA12814	CEU	EUR	mat grandfather
NA12815	CEU	EUR	mat grandmother
NA12817	CEU	EUR	father
NA12818	CEU	EUR	mother
NA12827	CEU	EUR	pat grandfather
NA12828	CEU	EUR	pat grandmother
NA12829	CEU	EUR	mat grandfather
NA12830	CEU	EUR	mat grandmother
NA12832	CEU	EUR	mother
NA12842	CEU	EUR	mat grandfather
NA12843	CEU	EUR	mat grandmother
NA12864	CEU	EUR	father
NA12865	CEU	EUR	mother
NA12872	CEU	EUR	pat grandfather
NA12873	CEU	EUR	pat grandmother
NA12874	CEU	EUR	mat grandfather
NA12875	CEU	EUR	mat grandmother
NA12877	CEU	EUR	father; child
NA12878	CEU	EUR	mother; child
NA12889	CEU	EUR	pat grandfather; father
NA12890	CEU	EUR	pat grandmother; mother
NA12891	CEU	EUR	mat grandfather; father
NA12892	CEU	EUR	mat grandmother; mother
NA18484	YRI	AFR	child
NA18485	YRI	AFR	child
NA18486	YRI	AFR	father
NA18487	YRI	AFR	father
NA18488	YRI	AFR	mother
NA18489	YRI	AFR	mother
NA18497	YRI	AFR	child
NA18498	YRI	AFR	father
NA18499	YRI	AFR	mother
NA18500	YRI	AFR	child
NA18501	YRI	AFR	father
NA18502	YRI	AFR	mother
NA18503	YRI	AFR	child
NA18504	YRI	AFR	father
NA18505	YRI	AFR	mother
NA18506	YRI	AFR	child
NA18507	YRI	AFR	father
NA18508	YRI	AFR	mother
NA18509	YRI	AFR	child
NA18510	YRI	AFR	not father
NA18511	YRI	AFR	mother
NA18515	YRI	AFR	child
NA18516	YRI	AFR	father
NA18517	YRI	AFR	mother
NA18518	YRI	AFR	child
NA18519	YRI	AFR	father
NA18520	YRI	AFR	mother
NA18521	YRI	AFR	child
NA18522	YRI	AFR	father
NA18523	YRI	AFR	mother
NA18525	CHB	EAS	nan
NA18526	CHB	EAS	nan
NA18527	CHB	EAS	nan
NA18528	CHB	EAS	nan
NA18530	CHB	EAS	nan
NA18531	CHB	EAS	nan
NA18532	CHB	EAS	nan
NA18533	CHB	EAS	nan
NA18534	CHB	EAS	nan
NA18535	CHB	EAS	nan
NA18536	CHB	EAS	nan
NA18537	CHB	EAS	nan
NA18538	CHB	EAS	nan
NA18539	CHB	EAS	nan
NA18541	CHB	EAS	nan
NA18542	CHB	EAS	nan
NA18543	CHB	EAS	nan
NA18544	CHB	EAS	nan
NA18545	CHB	EAS	nan
NA18546	CHB	EAS	nan
NA18547	CHB	EAS	nan
NA18548	CHB	EAS	nan
NA18549	CHB	EAS	nan
NA18550	CHB	EAS	nan
NA18552	CHB	EAS	nan
NA18553	CHB	EAS	nan
NA18555	CHB	EAS	nan
NA18557	CHB	EAS	nan
NA18558	CHB	EAS	nan
NA18559	CHB	EAS	nan
NA18560	CHB	EAS	nan
NA18561	CHB	EAS	nan
NA18562	CHB	EAS	nan
NA18563	CHB	EAS	nan
NA18564	CHB	EAS	nan
NA18565	CHB	EAS	nan
NA18566	CHB	EAS	nan
NA18567	CHB	EAS	nan
NA18570	CHB	EAS	nan
NA18571	CHB	EAS	nan
NA18572	CHB	EAS	nan
NA18573	CHB	EAS	nan
NA18574	CHB	EAS	nan
NA18576	CHB	EAS	nan
NA18577	CHB	EAS	nan
NA18579	CHB	EAS	nan
NA18582	CHB	EAS	nan
NA18591	CHB	EAS	unrel
NA18592	CHB	EAS	nan
NA18593	CHB	EAS	nan
NA18595	CHB	EAS	nan
NA18596	CHB	EAS	nan
NA18597	CHB	EAS	nan
NA18599	CHB	EAS	nan
NA18602	CHB	EAS	nan
NA18603	CHB	EAS	nan
NA18605	CHB	EAS	nan
NA18606	CHB	EAS	nan
NA18608	CHB	EAS	nan
NA18609	CHB	EAS	nan
NA18610	CHB	EAS	nan
NA18611	CHB	EAS	nan
NA18612	CHB	EAS	nan
NA18613	CHB	EAS	nan
NA18614	CHB	EAS	nan
NA18615	CHB	EAS	nan
NA18616	CHB	EAS	nan
NA18617	CHB	EAS	nan
NA18618	CHB	EAS	nan
NA18619	CHB	EAS	nan
NA18620	CHB	EAS	nan
NA18621	CHB	EAS	nan
NA18622	CHB	EAS	nan
NA18623	CHB	EAS	nan
NA18624	CHB	EAS	nan
NA18625	CHB	EAS	nan
NA18626	CHB	EAS	nan
NA18627	CHB	EAS	nan
NA18628	CHB	EAS	nan
NA18629	CHB	EAS	unrel
NA18630	CHB	EAS	nan
NA18631	CHB	EAS	nan
NA18632	CHB	EAS	nan
NA18633	CHB	EAS	nan
NA18634	CHB	EAS	nan
NA18635	CHB	EAS	nan
NA18636	CHB	EAS	nan
NA18637	CHB	EAS	nan
NA18638	CHB	EAS	nan
NA18639	CHB	EAS	nan
NA18640	CHB	EAS	nan
NA18641	CHB	EAS	nan
NA18642	CHB	EAS	nan
NA18643	CHB	EAS	nan
NA18644	CHB	EAS	unrel
NA18645	CHB	EAS	nan
NA18646	CHB	EAS	unrel
NA18647	CHB	EAS	nan
NA18648	CHB	EAS	unrel
NA18740	CHB	EAS	nan
NA18745	CHB	EAS	nan
NA18747	CHB	EAS	nan
NA18748	CHB	EAS	nan
NA18749	CHB	EAS	nan
NA18757	CHB	EAS	nan
NA18791	CHB	EAS	unrel
NA18794	CHB	EAS	unrel
NA18795	CHB	EAS	unrel
NA18852	YRI	AFR	mother
NA18853	YRI	AFR	father
NA18854	YRI	AFR	child
NA18855	YRI	AFR	mother
NA18856	YRI	AFR	father
NA18857	YRI	AFR	child
NA18858	YRI	AFR	mother
NA18859	YRI	AFR	father
NA18860	YRI	AFR	child
NA18861	YRI	AFR	mother
NA18862	YRI	AFR	father
NA18863	YRI	AFR	child
NA18864	YRI	AFR	mother
NA18865	YRI	AFR	father
NA18867	YRI	AFR	mother
NA18868	YRI	AFR	father
NA18869	YRI	AFR	child
NA18870	YRI	AFR	mother
NA18871	YRI	AFR	father
NA18872	YRI	AFR	child
NA18873	YRI	AFR	mother
NA18874	YRI	AFR	father
NA18875	YRI	AFR	child
NA18876	YRI	AFR	mother
NA18877	YRI	AFR	father
NA18878	YRI	AFR	mother
NA18879	YRI	AFR	father
NA18881	YRI	AFR	mother
NA18906	YRI	AFR	child
NA18907	YRI	AFR	mother
NA18908	YRI	AFR	not father
NA18909	YRI	AFR	mother
NA18910	YRI	AFR	father
NA18911	YRI	AFR	child
NA18912	YRI	AFR	mother
NA18913	YRI	AFR	father
NA18914	YRI	AFR	child
NA18915	YRI	AFR	father
NA18916	YRI	AFR	mother
NA18917	YRI	AFR	father
NA18923	YRI	AFR	father
NA18924	YRI	AFR	mother
NA18925	YRI	AFR	child
NA18930	YRI	AFR	child
NA18933	YRI	AFR	mother
NA18934	YRI	AFR	father
NA18935	YRI	AFR	child
NA18939	JPT	EAS	nan
NA18940	JPT	EAS	nan
NA18941	JPT	EAS	nan
NA18942	JPT	EAS	nan
NA18943	JPT	EAS	nan
NA18944	JPT	EAS	nan
NA18945	JPT	EAS	nan
NA18946	JPT	EAS	nan
NA18947	JPT	EAS	nan
NA18948	JPT	EAS	nan
NA18949	JPT	EAS	nan
NA18950	JPT	EAS	nan
NA18951	JPT	EAS	nan
NA18952	JPT	EAS	nan
NA18953	JPT	EAS	nan
NA18954	JPT	EAS	nan
NA18955	JPT	EAS	nan
NA18956	JPT	EAS	nan
NA18957	JPT	EAS	nan
NA18959	JPT	EAS	nan
NA18960	JPT	EAS	nan
NA18961	JPT	EAS	nan
NA18962	JPT	EAS	nan
NA18963	JPT	EAS	nan
NA18964	JPT	EAS	nan
NA18965	JPT	EAS	nan
NA18966	JPT	EAS	nan
NA18967	JPT	EAS	nan
NA18968	JPT	EAS	nan
NA18969	JPT	EAS	nan
NA18970	JPT	EAS	nan
NA18971	JPT	EAS	nan
NA18972	JPT	EAS	nan
NA18973	JPT	EAS	nan
NA18974	JPT	EAS	nan
NA18975	JPT	EAS	nan
NA18976	JPT	EAS	nan
NA18977	JPT	EAS	nan
NA18978	JPT	EAS	nan
NA18979	JPT	EAS	nan
NA18980	JPT	EAS	nan
NA18981	JPT	EAS	nan
NA18982	JPT	EAS	nan
NA18983	JPT	EAS	nan
NA18984	JPT	EAS	nan
NA18985	JPT	EAS	nan
NA18986	JPT	EAS	nan
NA18987	JPT	EAS	nan
NA18988	JPT	EAS	nan
NA18989	JPT	EAS	nan
NA18990	JPT	EAS	nan
NA18991	JPT	EAS	nan
NA18992	JPT	EAS	nan
NA18993	JPT	EAS	nan
NA18994	JPT	EAS	nan
NA18995	JPT	EAS	nan
NA18997	JPT	EAS	nan
NA18998	JPT	EAS	nan
NA18999	JPT	EAS	nan
NA19000	JPT	EAS	nan
NA19001	JPT	EAS	nan
NA19002	JPT	EAS	nan
NA19003	JPT	EAS	nan
NA19004	JPT	EAS	nan
NA19005	JPT	EAS	nan
NA19006	JPT	EAS	unrel
NA19007	JPT	EAS	nan
NA19009	JPT	EAS	nan
NA19010	JPT	EAS	nan
NA19011	JPT	EAS	unrel
NA19012	JPT	EAS	nan
NA19017	LWK	AFR	unrel
NA19019	LWK	AFR	unrel
NA19020	LWK	AFR	nan
NA19023	LWK	AFR	unrel
NA19024	LWK	AFR	unrel
NA19025	LWK	AFR	unrel
NA19026	LWK	AFR	unrel
NA19027	LWK	AFR	nan
NA19028	LWK	AFR	nan
NA19030	LWK	AFR	unrel
NA19031	LWK	AFR	nan
NA19035	LWK	AFR	nan
NA19036	LWK	AFR	nan
NA19037	LWK	AFR	unrel
NA19038	LWK	AFR	nan
NA19041	LWK	AFR	nan
NA19042	LWK	AFR	unrel
NA19043	LWK	AFR	unrel
NA19044	LWK	AFR	nan
NA19046	LWK	AFR	nan
NA19054	JPT	EAS	nan
NA19055	JPT	EAS	nan
NA19056	JPT	EAS	nan
NA19057	JPT	EAS	nan
NA19058	JPT	EAS	nan
NA19059	JPT	EAS	nan
NA19060	JPT	EAS	nan
NA19062	JPT	EAS	nan
NA19063	JPT	EAS	nan
NA19064	JPT	EAS	nan
NA19065	JPT	EAS	nan
NA19066	JPT	EAS	nan
NA19067	JPT	EAS	nan
NA19068	JPT	EAS	nan
NA19070	JPT	EAS	nan
NA19072	JPT	EAS	nan
NA19074	JPT	EAS	nan
NA19075	JPT	EAS	nan
NA19076	JPT	EAS	nan
NA19077	JPT	EAS	nan
NA19078	JPT	EAS	nan
NA19079	JPT	EAS	nan
NA19080	JPT	EAS	nan
NA19081	JPT	EAS	nan
NA19082	JPT	EAS	nan
NA19083	JPT	EAS	nan
NA19084	JPT	EAS	nan
NA19085	JPT	EAS	nan
NA19086	JPT	EAS	nan
NA19087	JPT	EAS	nan
NA19088	JPT	EAS	nan
NA19089	JPT	EAS	unrel
NA19090	JPT	EAS	unrel
NA19091	JPT	EAS	unrel
NA19092	YRI	AFR	father
NA19093	YRI	AFR	mother
NA19094	YRI	AFR	child
NA19095	YRI	AFR	mother
NA19096	YRI	AFR	father
NA19097	YRI	AFR	child
NA19098	YRI	AFR	father
NA19099	YRI	AFR	mother
NA19100	YRI	AFR	child
NA19101	YRI	AFR	father
NA19102	YRI	AFR	mother
NA19103	YRI	AFR	child
NA19104	YRI	AFR	father
NA19105	YRI	AFR	paternal grandmother
NA19107	YRI	AFR	father
NA19108	YRI	AFR	mother
NA19109	YRI	AFR	child
NA19113	YRI	AFR	father
NA19114	YRI	AFR	mother
NA19115	YRI	AFR	child
NA19116	YRI	AFR	mother
NA19117	YRI	AFR	father
NA19118	YRI	AFR	mother
NA19119	YRI	AFR	father
NA19120	YRI	AFR	child
NA19121	YRI	AFR	father
NA19122	YRI	AFR	mother
NA19123	YRI	AFR	child
NA19127	YRI	AFR	mother
NA19128	YRI	AFR	father
NA19129	YRI	AFR	child
NA19130	YRI	AFR	father
NA19131	YRI	AFR	mother
NA19132	YRI	AFR	child
NA19137	YRI	AFR	mother
NA19138	YRI	AFR	father
NA19139	YRI	AFR	child
NA19140	YRI	AFR	mother
NA19141	YRI	AFR	father
NA19142	YRI	AFR	child
NA19143	YRI	AFR	mother
NA19144	YRI	AFR	father
NA19145	YRI	AFR	child
NA19146	YRI	AFR	father
NA19147	YRI	AFR	mother
NA19148	YRI	AFR	child
NA19149	YRI	AFR	mother
NA19150	YRI	AFR	father
NA19151	YRI	AFR	child
NA19152	YRI	AFR	mother
NA19153	YRI	AFR	father
NA19154	YRI	AFR	child
NA19159	YRI	AFR	mother
NA19160	YRI	AFR	father
NA19161	YRI	AFR	child
NA19166	YRI	AFR	mother
NA19171	YRI	AFR	father
NA19172	YRI	AFR	mother
NA19173	YRI	AFR	child
NA19174	YRI	AFR	child
NA19175	YRI	AFR	father
NA19176	YRI	AFR	mother
NA19177	YRI	AFR	child
NA19184	YRI	AFR	father
NA19185	YRI	AFR	mother
NA19186	YRI	AFR	child
NA19189	YRI	AFR	father
NA19190	YRI	AFR	mother
NA19191	YRI	AFR	child
NA19195	YRI	AFR	father
NA19196	YRI	AFR	mother
NA19197	YRI	AFR	mother
NA19198	YRI	AFR	father
NA19199	YRI	AFR	child
NA19200	YRI	AFR	father
NA19201	YRI	AFR	mother
NA19202	YRI	AFR	child
NA19203	YRI	AFR	father
NA19204	YRI	AFR	mother
NA19205	YRI	AFR	child
NA19206	YRI	AFR	mother
NA19207	YRI	AFR	father
NA19208	YRI	AFR	child
NA19209	YRI	AFR	mother
NA19210	YRI	AFR	father
NA19211	YRI	AFR	child
NA19213	YRI	AFR	father
NA19214	YRI	AFR	mother
NA19215	YRI	AFR	child
NA19221	YRI	AFR	child
NA19222	YRI	AFR	mother
NA19223	YRI	AFR	father
NA19224	YRI	AFR	child
NA19225	YRI	AFR	mother
NA19226	YRI	AFR	father
NA19235	YRI	AFR	mother
NA19236	YRI	AFR	father
NA19237	YRI	AFR	child
NA19238	YRI	AFR	mother
NA19239	YRI	AFR	father
NA19240	YRI	AFR	child
NA19247	YRI	AFR	mother
NA19248	YRI	AFR	father
NA19249	YRI	AFR	child
NA19252	YRI	AFR	child
NA19254	YRI	AFR	mother
NA19256	YRI	AFR	father
NA19257	YRI	AFR	mother
NA19258	YRI	AFR	child
NA19307	LWK	AFR	nan
NA19308	LWK	AFR	nan
NA19309	LWK	AFR	nan
NA19310	LWK	AFR	nan
NA19311	LWK	AFR	nan
NA19312	LWK	AFR	nan
NA19313	LWK	AFR	nan
NA19314	LWK	AFR	nan
NA19315	LWK	AFR	nan
NA19316	LWK	AFR	nan
NA19317	LWK	AFR	nan
NA19318	LWK	AFR	nan
NA19319	LWK	AFR	nan
NA19320	LWK	AFR	unrel
NA19321	LWK	AFR	nan
NA19323	LWK	AFR	unrel
NA19324	LWK	AFR	nan
NA19327	LWK	AFR	nan
NA19328	LWK	AFR	nan
NA19331	LWK	AFR	nan
NA19332	LWK	AFR	nan
NA19334	LWK	AFR	nan
NA19338	LWK	AFR	nan
NA19346	LWK	AFR	nan
NA19347	LWK	AFR	nan
NA19350	LWK	AFR	nan
NA19351	LWK	AFR	nan
NA19352	LWK	AFR	nan
NA19355	LWK	AFR	nan
NA19359	LWK	AFR	nan
NA19360	LWK	AFR	nan
NA19371	LWK	AFR	nan
NA19372	LWK	AFR	nan
NA19373	LWK	AFR	nan
NA19374	LWK	AFR	nan
NA19375	LWK	AFR	nan
NA19376	LWK	AFR	nan
NA19377	LWK	AFR	nan
NA19378	LWK	AFR	unrel
NA19379	LWK	AFR	nan
NA19380	LWK	AFR	nan
NA19381	LWK	AFR	nan
NA19382	LWK	AFR	nan
NA19383	LWK	AFR	nan
NA19384	LWK	AFR	nan
NA19385	LWK	AFR	nan
NA19390	LWK	AFR	nan
NA19391	LWK	AFR	nan
NA19393	LWK	AFR	nan
NA19394	LWK	AFR	nan
NA19395	LWK	AFR	nan
NA19396	LWK	AFR	nan
NA19397	LWK	AFR	nan
NA19398	LWK	AFR	nan
NA19399	LWK	AFR	nan
NA19401	LWK	AFR	nan
NA19403	LWK	AFR	nan
NA19404	LWK	AFR	nan
NA19428	LWK	AFR	nan
NA19429	LWK	AFR	nan
NA19430	LWK	AFR	nan
NA19431	LWK	AFR	nan
NA19432	LWK	AFR	nan
NA19434	LWK	AFR	nan
NA19435	LWK	AFR	nan
NA19436	LWK	AFR	nan
NA19437	LWK	AFR	nan
NA19438	LWK	AFR	nan
NA19439	LWK	AFR	nan
NA19440	LWK	AFR	nan
NA19443	LWK	AFR	nan
NA19444	LWK	AFR	nan
NA19445	LWK	AFR	nan
NA19446	LWK	AFR	nan
NA19448	LWK	AFR	nan
NA19449	LWK	AFR	nan
NA19451	LWK	AFR	nan
NA19452	LWK	AFR	nan
NA19453	LWK	AFR	nan
NA19454	LWK	AFR	unrel
NA19455	LWK	AFR	nan
NA19456	LWK	AFR	nan
NA19457	LWK	AFR	nan
NA19461	LWK	AFR	nan
NA19462	LWK	AFR	nan
NA19463	LWK	AFR	nan
NA19466	LWK	AFR	nan
NA19467	LWK	AFR	nan
NA19468	LWK	AFR	nan
NA19469	LWK	AFR	nan
NA19470	LWK	AFR	nan
NA19471	LWK	AFR	nan
NA19472	LWK	AFR	nan
NA19473	LWK	AFR	nan
NA19474	LWK	AFR	nan
NA19475	LWK	AFR	unrel
NA19625	ASW	AFR	child
NA19648	MXL	AMR	mother
NA19649	MXL	AMR	father
NA19650	MXL	AMR	child
NA19651	MXL	AMR	mother
NA19652	MXL	AMR	father
NA19653	MXL	AMR	child
NA19654	MXL	AMR	mother
NA19655	MXL	AMR	father
NA19656	MXL	AMR	child
NA19657	MXL	AMR	mother
NA19658	MXL	AMR	father
NA19659	MXL	AMR	child
NA19660	MXL	AMR	mother
NA19661	MXL	AMR	father
NA19662	MXL	AMR	child
NA19663	MXL	AMR	mother
NA19664	MXL	AMR	father
NA19665	MXL	AMR	child
NA19669	MXL	AMR	mother
NA19670	MXL	AMR	father
NA19671	MXL	AMR	child
NA19672	MXL	AMR	mother
NA19674	MXL	AMR	child of 19672
NA19675	MXL	AMR	mother
NA19676	MXL	AMR	father
NA19677	MXL	AMR	child
NA19678	MXL	AMR	mother
NA19679	MXL	AMR	father
NA19680	MXL	AMR	child
NA19681	MXL	AMR	mother
NA19682	MXL	AMR	father
NA19683	MXL	AMR	child
NA19684	MXL	AMR	mother
NA19685	MXL	AMR	father
NA19686	MXL	AMR	child
NA19700	ASW	AFR	father
NA19701	ASW	AFR	mother
NA19702	ASW	AFR	child
NA19703	ASW	AFR	father
NA19704	ASW	AFR	mother
NA19705	ASW	AFR	child
NA19707	ASW	AFR	mother
NA19708	ASW	AFR	child
NA19711	ASW	AFR	father
NA19712	ASW	AFR	mother
NA19713	ASW	AFR	mother
NA19714	ASW	AFR	child
NA19716	MXL	AMR	mother
NA19717	MXL	AMR	father
NA19718	MXL	AMR	child
NA19719	MXL	AMR	mother
NA19720	MXL	AMR	father
NA19721	MXL	AMR	child
NA19722	MXL	AMR	mother
NA19723	MXL	AMR	father
NA19724	MXL	AMR	child
NA19725	MXL	AMR	mother
NA19726	MXL	AMR	father
NA19727	MXL	AMR	child
NA19728	MXL	AMR	mother
NA19729	MXL	AMR	father
NA19730	MXL	AMR	child
NA19731	MXL	AMR	mother
NA19732	MXL	AMR	father
NA19733	MXL	AMR	child
NA19734	MXL	AMR	mother
NA19735	MXL	AMR	father
NA19737	MXL	AMR	mother
NA19738	MXL	AMR	father
NA19740	MXL	AMR	mother
NA19741	MXL	AMR	father
NA19742	MXL	AMR	child of 19740
NA19746	MXL	AMR	mother
NA19747	MXL	AMR	father
NA19748	MXL	AMR	child
NA19749	MXL	AMR	mother
NA19750	MXL	AMR	father
NA19751	MXL	AMR	child
NA19752	MXL	AMR	mother
NA19753	MXL	AMR	father
NA19754	MXL	AMR	child of 19752&3
NA19755	MXL	AMR	mother
NA19756	MXL	AMR	father
NA19757	MXL	AMR	child
NA19758	MXL	AMR	mother
NA19759	MXL	AMR	father
NA19760	MXL	AMR	child
NA19761	MXL	AMR	mother
NA19762	MXL	AMR	father
NA19763	MXL	AMR	child
NA19764	MXL	AMR	mother
NA19766	MXL	AMR	child of 19764
NA19770	MXL	AMR	mother
NA19771	MXL	AMR	father
NA19772	MXL	AMR	child
NA19773	MXL	AMR	mother
NA19774	MXL	AMR	father
NA19775	MXL	AMR	child
NA19776	MXL	AMR	mother
NA19777	MXL	AMR	father
NA19778	MXL	AMR	child
NA19779	MXL	AMR	mother
NA19780	MXL	AMR	father
NA19781	MXL	AMR	child
NA19782	MXL	AMR	mother
NA19783	MXL	AMR	father
NA19784	MXL	AMR	child
NA19785	MXL	AMR	mother
NA19786	MXL	AMR	father
NA19787	MXL	AMR	child
NA19788	MXL	AMR	mother
NA19789	MXL	AMR	father
NA19790	MXL	AMR	child
NA19792	MXL	AMR	father
NA19794	MXL	AMR	mother
NA19795	MXL	AMR	father
NA19796	MXL	AMR	child
NA19797	MXL	AMR	mother
NA19798	MXL	AMR	father
NA19818	ASW	AFR	father
NA19819	ASW	AFR	mother
NA19828	ASW	AFR	child
NA19834	ASW	AFR	father
NA19835	ASW	AFR	mother
NA19836	ASW	AFR	child
NA19900	ASW	AFR	father
NA19901	ASW	AFR	mother
NA19902	ASW	AFR	child
NA19904	ASW	AFR	father
NA19905	ASW	AFR	nan
NA19908	ASW	AFR	father
NA19909	ASW	AFR	mother
NA19913	ASW	AFR	nan
NA19914	ASW	AFR	mother
NA19915	ASW	AFR	child
NA19916	ASW	AFR	father
NA19917	ASW	AFR	mother
NA19918	ASW	AFR	child
NA19919	ASW	AFR	child
NA19920	ASW	AFR	father
NA19921	ASW	AFR	mother
NA19922	ASW	AFR	father
NA19923	ASW	AFR	mother
NA19924	ASW	AFR	nan
NA19982	ASW	AFR	father
NA19983	ASW	AFR	child
NA19984	ASW	AFR	father
NA19985	ASW	AFR	mother
NA20126	ASW	AFR	father
NA20127	ASW	AFR	mother
NA20128	ASW	AFR	child
NA20129	ASW	AFR	child
NA20274	ASW	AFR	nan
NA20276	ASW	AFR	mother
NA20277	ASW	AFR	child
NA20278	ASW	AFR	father
NA20279	ASW	AFR	child
NA20281	ASW	AFR	not father
NA20282	ASW	AFR	mother
NA20284	ASW	AFR	child
NA20285	ASW	AFR	child
NA20287	ASW	AFR	mother
NA20288	ASW	AFR	child
NA20289	ASW	AFR	mother
NA20290	ASW	AFR	child
NA20291	ASW	AFR	father
NA20292	ASW	AFR	child
NA20294	ASW	AFR	mother
NA20295	ASW	AFR	child
NA20296	ASW	AFR	mother
NA20297	ASW	AFR	child
NA20298	ASW	AFR	father
NA20299	ASW	AFR	mother
NA20300	ASW	AFR	child
NA20301	ASW	AFR	mother
NA20302	ASW	AFR	child
NA20312	ASW	AFR	nan
NA20313	ASW	AFR	nan
NA20314	ASW	AFR	mother
NA20316	ASW	AFR	child
NA20317	ASW	AFR	mother
NA20318	ASW	AFR	nan
NA20319	ASW	AFR	child
NA20320	ASW	AFR	nan
NA20321	ASW	AFR	nan
NA20322	ASW	AFR	child
NA20332	ASW	AFR	mother
NA20333	ASW	AFR	child
NA20334	ASW	AFR	mother
NA20335	ASW	AFR	child
NA20336	ASW	AFR	mother
NA20337	ASW	AFR	child
NA20339	ASW	AFR	mother
NA20340	ASW	AFR	father
NA20341	ASW	AFR	mother
NA20342	ASW	AFR	father
NA20343	ASW	AFR	child
NA20344	ASW	AFR	mother
NA20345	ASW	AFR	child
NA20346	ASW	AFR	father
NA20347	ASW	AFR	child
NA20348	ASW	AFR	father
NA20349	ASW	AFR	father
NA20350	ASW	AFR	child
NA20351	ASW	AFR	father
NA20355	ASW	AFR	nan
NA20356	ASW	AFR	father
NA20357	ASW	AFR	mother
NA20358	ASW	AFR	child
NA20359	ASW	AFR	mother
NA20360	ASW	AFR	child
NA20361	ASW	AFR	child
NA20362	ASW	AFR	nan
NA20363	ASW	AFR	mother
NA20364	ASW	AFR	child
NA20412	ASW	AFR	mother
NA20413	ASW	AFR	child
NA20414	ASW	AFR	mother
NA20502	TSI	EUR	nan
NA20503	TSI	EUR	nan
NA20504	TSI	EUR	nan
NA20505	TSI	EUR	nan
NA20506	TSI	EUR	nan
NA20507	TSI	EUR	nan
NA20508	TSI	EUR	nan
NA20509	TSI	EUR	nan
NA20510	TSI	EUR	nan
NA20511	TSI	EUR	unrel
NA20512	TSI	EUR	nan
NA20513	TSI	EUR	nan
NA20514	TSI	EUR	nan
NA20515	TSI	EUR	nan
NA20516	TSI	EUR	nan
NA20517	TSI	EUR	nan
NA20518	TSI	EUR	nan
NA20519	TSI	EUR	nan
NA20520	TSI	EUR	nan
NA20521	TSI	EUR	nan
NA20522	TSI	EUR	nan
NA20524	TSI	EUR	nan
NA20525	TSI	EUR	nan
NA20526	TSI	EUR	nan
NA20527	TSI	EUR	nan
NA20528	TSI	EUR	nan
NA20529	TSI	EUR	nan
NA20530	TSI	EUR	nan
NA20531	TSI	EUR	nan
NA20532	TSI	EUR	nan
NA20533	TSI	EUR	nan
NA20534	TSI	EUR	nan
NA20535	TSI	EUR	nan
NA20536	TSI	EUR	nan
NA20537	TSI	EUR	nan
NA20538	TSI	EUR	nan
NA20539	TSI	EUR	nan
NA20540	TSI	EUR	nan
NA20541	TSI	EUR	nan
NA20542	TSI	EUR	nan
NA20543	TSI	EUR	nan
NA20544	TSI	EUR	nan
NA20581	TSI	EUR	nan
NA20582	TSI	EUR	nan
NA20585	TSI	EUR	nan
NA20586	TSI	EUR	nan
NA20587	TSI	EUR	unrel
NA20588	TSI	EUR	nan
NA20589	TSI	EUR	nan
NA20752	TSI	EUR	nan
NA20753	TSI	EUR	nan
NA20754	TSI	EUR	nan
NA20755	TSI	EUR	nan
NA20756	TSI	EUR	nan
NA20757	TSI	EUR	nan
NA20758	TSI	EUR	nan
NA20759	TSI	EUR	nan
NA20760	TSI	EUR	nan
NA20761	TSI	EUR	nan
NA20762	TSI	EUR	unrel
NA20763	TSI	EUR	unrel
NA20764	TSI	EUR	unrel
NA20765	TSI	EUR	nan
NA20766	TSI	EUR	nan
NA20767	TSI	EUR	unrel
NA20768	TSI	EUR	nan
NA20769	TSI	EUR	nan
NA20770	TSI	EUR	nan
NA20771	TSI	EUR	nan
NA20772	TSI	EUR	nan
NA20773	TSI	EUR	nan
NA20774	TSI	EUR	nan
NA20775	TSI	EUR	nan
NA20778	TSI	EUR	nan
NA20783	TSI	EUR	nan
NA20785	TSI	EUR	nan
NA20786	TSI	EUR	nan
NA20787	TSI	EUR	nan
NA20790	TSI	EUR	nan
NA20792	TSI	EUR	nan
NA20795	TSI	EUR	nan
NA20796	TSI	EUR	nan
NA20797	TSI	EUR	nan
NA20798	TSI	EUR	nan
NA20799	TSI	EUR	nan
NA20800	TSI	EUR	nan
NA20801	TSI	EUR	nan
NA20802	TSI	EUR	nan
NA20803	TSI	EUR	nan
NA20804	TSI	EUR	nan
NA20805	TSI	EUR	nan
NA20806	TSI	EUR	nan
NA20807	TSI	EUR	nan
NA20808	TSI	EUR	nan
NA20809	TSI	EUR	nan
NA20810	TSI	EUR	nan
NA20811	TSI	EUR	nan
NA20812	TSI	EUR	nan
NA20813	TSI	EUR	nan
NA20814	TSI	EUR	nan
NA20815	TSI	EUR	nan
NA20816	TSI	EUR	nan
NA20818	TSI	EUR	nan
NA20819	TSI	EUR	nan
NA20821	TSI	EUR	unrel
NA20822	TSI	EUR	unrel
NA20826	TSI	EUR	nan
NA20827	TSI	EUR	unrel
NA20828	TSI	EUR	nan
NA20829	TSI	EUR	unrel
NA20831	TSI	EUR	unrel
NA20832	TSI	EUR	nan
NA20845	GIH	SAS	nan
NA20846	GIH	SAS	nan
NA20847	GIH	SAS	nan
NA20849	GIH	SAS	nan
NA20850	GIH	SAS	nan
NA20851	GIH	SAS	nan
NA20852	GIH	SAS	nan
NA20853	GIH	SAS	nan
NA20854	GIH	SAS	nan
NA20856	GIH	SAS	nan
NA20858	GIH	SAS	nan
NA20859	GIH	SAS	nan
NA20861	GIH	SAS	nan
NA20862	GIH	SAS	nan
NA20863	GIH	SAS	nan
NA20864	GIH	SAS	nan
NA20866	GIH	SAS	nan
NA20867	GIH	SAS	nan
NA20868	GIH	SAS	nan
NA20869	GIH	SAS	nan
NA20870	GIH	SAS	nan
NA20871	GIH	SAS	nan
NA20872	GIH	SAS	nan
NA20873	GIH	SAS	nan
NA20874	GIH	SAS	nan
NA20875	GIH	SAS	nan
NA20876	GIH	SAS	nan
NA20877	GIH	SAS	nan
NA20878	GIH	SAS	nan
NA20879	GIH	SAS	nan
NA20881	GIH	SAS	nan
NA20882	GIH	SAS	nan
NA20883	GIH	SAS	nan
NA20884	GIH	SAS	nan
NA20885	GIH	SAS	nan
NA20886	GIH	SAS	nan
NA20887	GIH	SAS	nan
NA20888	GIH	SAS	nan
NA20889	GIH	SAS	nan
NA20890	GIH	SAS	nan
NA20891	GIH	SAS	nan
NA20892	GIH	SAS	nan
NA20893	GIH	SAS	nan
NA20894	GIH	SAS	nan
NA20895	GIH	SAS	nan
NA20896	GIH	SAS	nan
NA20897	GIH	SAS	nan
NA20898	GIH	SAS	nan
NA20899	GIH	SAS	nan
NA20900	GIH	SAS	unrel
NA20901	GIH	SAS	nan
NA20902	GIH	SAS	nan
NA20903	GIH	SAS	nan
NA20904	GIH	SAS	nan
NA20905	GIH	SAS	nan
NA20906	GIH	SAS	nan
NA20907	GIH	SAS	nan
NA20908	GIH	SAS	nan
NA20909	GIH	SAS	nan
NA20910	GIH	SAS	nan
NA20911	GIH	SAS	nan
NA21086	GIH	SAS	nan
NA21087	GIH	SAS	nan
NA21088	GIH	SAS	nan
NA21089	GIH	SAS	nan
NA21090	GIH	SAS	nan
NA21091	GIH	SAS	nan
NA21092	GIH	SAS	nan
NA21093	GIH	SAS	nan
NA21094	GIH	SAS	nan
NA21095	GIH	SAS	nan
NA21097	GIH	SAS	nan
NA21098	GIH	SAS	nan
NA21099	GIH	SAS	nan
NA21100	GIH	SAS	nan
NA21101	GIH	SAS	nan
NA21102	GIH	SAS	nan
NA21103	GIH	SAS	nan
NA21104	GIH	SAS	nan
NA21105	GIH	SAS	nan
NA21106	GIH	SAS	nan
NA21107	GIH	SAS	nan
NA21108	GIH	SAS	nan
NA21109	GIH	SAS	nan
NA21110	GIH	SAS	nan
NA21111	GIH	SAS	nan
NA21112	GIH	SAS	nan
NA21113	GIH	SAS	nan
NA21114	GIH	SAS	nan
NA21115	GIH	SAS	nan
NA21116	GIH	SAS	nan
NA21117	GIH	SAS	nan
NA21118	GIH	SAS	nan
NA21119	GIH	SAS	nan
NA21120	GIH	SAS	nan
NA21121	GIH	SAS	nan
NA21122	GIH	SAS	nan
NA21123	GIH	SAS	nan
NA21124	GIH	SAS	unrel
NA21125	GIH	SAS	nan
NA21126	GIH	SAS	unrel
NA21127	GIH	SAS	unrel
NA21128	GIH	SAS	unrel
NA21129	GIH	SAS	unrel
NA21130	GIH	SAS	unrel
NA21133	GIH	SAS	unrel
NA21134	GIH	SAS	nan
NA21135	GIH	SAS	unrel
NA21137	GIH	SAS	nan
NA21141	GIH	SAS	nan
NA21142	GIH	SAS	nan
NA21143	GIH	SAS	nan
NA21144	GIH	SAS	nan